num_rooms,num_bathrooms,size_m2,lot_size_m2,house_age,heating_system,location,altitude,income_quartile,crime_rate,school_quality_index,green_space_proportion,noise_pollution,sunlight_hours,market_condition,season,price
5,1,280.0,300.0,17,No,Zona Sur,3378.0,Q4,0.04,10.0,0.035,52.2,5.5,Balanced,Spring,2431212.0
2,2,146.0,200.0,31,No,Centro,3639.0,Q4,0.06,10.0,0.425,68.6,6.3,Balanced,Autumn,1026914.0
4,1,132.0,872.0,23,Yes,Obrajes,3515.0,Q3,0.06,9.9,0.361,58.9,7.3,Balanced,Autumn,1982024.0
4,2,220.0,300.0,19,Yes,El Alto,4049.0,Q2,0.14,8.4,0.14,90.0,6.1,Seller's,Spring,531740.0
3,2,142.0,200.0,18,No,Miraflores,3519.0,Q4,0.04,7.6,0.33,38.2,5.8,Seller's,Autumn,1635520.0
4,1,135.0,300.0,14,Yes,Achumani,3457.0,Q4,0.08,10.0,0.526,73.7,6.6,Balanced,Autumn,2052805.0
3,2,117.0,300.0,19,No,El Alto,3979.0,Q1,0.08,2.9,0.115,56.1,5.1,Balanced,Winter,315855.0
4,3,156.0,390.0,9,Yes,Zona Sur,3379.0,Q4,0.45,4.1,0.253,43.8,6.1,Balanced,Summer,3992140.0
1,2,176.0,200.0,26,Yes,Achumani,3334.0,Q4,0.07,10.0,0.256,54.7,4.8,Balanced,Autumn,2051398.0
3,2,194.0,400.0,5,No,Miraflores,3542.0,Q2,0.05,3.2,0.408,62.8,6.1,Seller's,Autumn,1494069.0
5,2,239.0,200.0,20,Yes,Zona Sur,3367.0,Q3,0.1,10.0,0.521,70.4,5.9,Balanced,Spring,1478092.0
3,2,211.0,300.0,14,Yes,Miraflores,3502.0,Q2,0.48,7.0,0.228,77.2,5.2,Buyer's,Summer,801218.0
2,2,170.0,400.0,16,Yes,Centro,3611.0,Q1,0.01,5.8,0.641,74.2,6.2,Balanced,Summer,1025390.0
4,1,170.0,300.0,17,No,Centro,3699.0,Q3,0.18,5.2,0.184,50.3,6.2,Balanced,Spring,1341322.0
5,3,210.0,400.0,29,No,Miraflores,3528.0,Q3,0.13,8.5,0.466,71.3,7.2,Balanced,Spring,2558408.0
5,2,264.0,651.0,14,Yes,Zona Sur,3395.0,Q4,0.02,4.3,0.343,63.9,4.4,Balanced,Summer,1833791.0
2,2,187.0,513.0,24,Yes,El Alto,3855.0,Q2,0.41,8.0,0.167,53.5,5.9,Buyer's,Spring,707436.0
3,1,156.0,520.0,25,No,Obrajes,3472.0,Q2,0.11,3.8,0.257,57.9,5.2,Buyer's,Spring,628302.0
4,2,134.0,673.0,8,Yes,El Alto,4026.0,Q1,0.1,5.5,0.026,52.9,6.9,Balanced,Summer,694319.0
3,2,117.0,400.0,16,No,Miraflores,3566.0,Q4,0.18,5.9,0.201,60.4,6.8,Balanced,Autumn,1279686.0
4,1,220.0,300.0,27,Yes,Miraflores,3558.0,Q2,0.24,3.1,0.283,52.7,6.5,Buyer's,Winter,1293792.0
5,2,214.0,400.0,13,Yes,Miraflores,3553.0,Q2,0.55,5.7,0.193,49.7,5.3,Seller's,Summer,1021631.0
2,1,214.0,773.0,25,No,Zona Sur,3369.0,Q4,0.1,5.4,0.092,64.8,6.9,Balanced,Summer,1235345.0
4,3,173.0,1418.0,19,Yes,El Alto,3870.0,Q2,0.32,7.3,0.297,66.3,4.5,Seller's,Summer,1575198.0
4,1,275.0,622.0,19,No,El Alto,3933.0,Q1,0.54,3.3,0.189,58.1,4.3,Buyer's,Spring,885891.0
4,1,156.0,300.0,20,Yes,El Alto,3847.0,Q3,0.01,5.9,0.296,73.7,4.7,Buyer's,Spring,693249.0
6,1,240.0,1535.0,21,Yes,El Alto,3979.0,Q4,0.15,9.1,0.287,57.4,6.0,Balanced,Autumn,417121.0
1,1,178.0,300.0,15,No,Miraflores,3525.0,Q1,0.29,3.5,0.631,57.0,6.7,Buyer's,Summer,2638522.0
2,2,150.0,300.0,18,Yes,Miraflores,3533.0,Q4,0.01,7.3,0.706,66.6,3.0,Seller's,Autumn,1519827.0
5,1,215.0,400.0,21,No,El Alto,3941.0,Q1,0.21,6.1,0.472,58.7,7.3,Buyer's,Autumn,677303.0
4,1,204.0,200.0,20,Yes,Miraflores,3503.0,Q3,0.01,4.7,0.476,60.8,6.1,Balanced,Spring,1292022.0
2,2,200.0,400.0,21,No,Miraflores,3509.0,Q4,0.13,4.6,0.432,34.8,4.4,Seller's,Summer,1597219.0
8,1,184.0,400.0,16,No,Centro,3669.0,Q4,0.08,6.9,0.478,60.2,6.1,Balanced,Summer,2119364.0
4,2,178.0,200.0,23,Yes,Miraflores,3543.0,Q2,0.74,5.4,0.619,41.7,7.1,Buyer's,Summer,1313261.0
5,3,369.0,300.0,20,No,Zona Sur,3373.0,Q3,0.03,7.5,0.093,47.8,6.6,Balanced,Summer,1622102.0
3,1,257.0,586.0,12,No,Achumani,3439.0,Q1,0.28,3.9,0.257,46.6,7.1,Balanced,Winter,1114624.0
2,2,224.0,200.0,17,Yes,Achumani,3302.0,Q3,0.04,9.4,0.333,49.6,4.6,Buyer's,Winter,3192448.0
5,4,186.0,300.0,15,Yes,Miraflores,3562.0,Q1,0.29,2.3,0.628,54.5,5.6,Balanced,Winter,1385609.0
5,2,243.0,486.0,15,Yes,Zona Sur,3219.0,Q4,0.13,7.8,0.268,55.1,5.1,Seller's,Spring,2352829.0
2,2,210.0,567.0,17,Yes,El Alto,4034.0,Q1,0.38,4.0,0.08,66.6,7.7,Seller's,Spring,431855.0
3,2,181.0,400.0,23,Yes,Miraflores,3599.0,Q3,0.27,8.3,0.404,62.2,6.6,Buyer's,Spring,1516396.0
4,1,164.0,300.0,16,Yes,Centro,3653.0,Q1,0.58,6.8,0.027,41.0,8.8,Buyer's,Spring,1199080.0
6,2,176.0,400.0,21,Yes,Zona Sur,3337.0,Q4,0.01,8.5,0.085,60.8,5.5,Buyer's,Summer,2920401.0
6,5,70.0,300.0,20,No,Miraflores,3524.0,Q2,0.1,8.9,0.516,63.2,5.3,Balanced,Autumn,1340760.0
4,2,192.0,400.0,16,Yes,El Alto,3931.0,Q1,0.35,3.6,0.207,56.7,5.9,Balanced,Summer,798098.0
3,2,155.0,565.0,18,No,Achumani,3471.0,Q4,0.07,4.2,0.194,59.4,7.4,Seller's,Winter,2640503.0
4,2,290.0,400.0,24,Yes,Miraflores,3517.0,Q3,0.03,4.6,0.385,61.9,5.6,Seller's,Winter,2427830.0
4,1,181.0,770.0,20,Yes,Miraflores,3527.0,Q2,0.19,5.2,0.211,67.6,6.1,Buyer's,Spring,879878.0
2,3,126.0,412.0,22,No,Zona Sur,3289.0,Q2,0.13,4.7,0.4,44.3,6.1,Balanced,Winter,461634.0
7,4,177.0,191.0,26,Yes,Zona Sur,3342.0,Q4,0.05,4.8,0.376,57.6,6.0,Buyer's,Summer,2200521.0
2,2,132.0,300.0,22,Yes,Obrajes,3475.0,Q3,0.27,6.6,0.283,75.1,5.3,Buyer's,Summer,1086791.0
6,2,207.0,430.0,10,Yes,El Alto,4078.0,Q2,0.13,4.8,0.261,74.2,5.9,Buyer's,Autumn,434114.0
5,3,196.0,400.0,21,Yes,Centro,3609.0,Q2,0.01,3.5,0.373,68.5,5.8,Buyer's,Spring,1168409.0
4,1,240.0,300.0,16,Yes,El Alto,3911.0,Q1,0.02,3.6,0.118,65.4,6.0,Balanced,Winter,692947.0
3,2,142.0,200.0,29,No,Achumani,3442.0,Q3,0.31,10.0,0.272,76.5,6.9,Balanced,Autumn,1032662.0
4,2,182.0,300.0,21,Yes,Achumani,3345.0,Q4,0.32,6.6,0.121,79.2,7.8,Buyer's,Winter,718426.0
3,1,120.0,221.0,17,No,Zona Sur,3331.0,Q4,0.12,10.0,0.319,58.7,5.2,Seller's,Winter,3127021.0
7,4,222.0,300.0,22,No,Zona Sur,3233.0,Q1,0.14,5.1,0.162,50.3,5.6,Balanced,Summer,2242506.0
3,3,210.0,400.0,20,Yes,El Alto,3817.0,Q2,0.67,5.4,0.366,57.3,5.2,Buyer's,Spring,357303.0
7,3,209.0,200.0,11,Yes,Centro,3612.0,Q1,0.33,3.3,0.274,90.0,6.2,Buyer's,Spring,1345259.0
4,1,180.0,300.0,24,No,Obrajes,3586.0,Q3,0.3,6.1,0.415,44.3,5.5,Balanced,Summer,808085.0
1,2,204.0,300.0,17,No,El Alto,3966.0,Q3,0.23,7.9,0.089,55.3,6.2,Seller's,Spring,1230137.0
6,2,291.0,589.0,27,Yes,Obrajes,3559.0,Q3,0.08,6.0,0.615,45.9,7.1,Balanced,Winter,2635508.0
1,3,165.0,200.0,19,Yes,Miraflores,3533.0,Q4,0.07,5.9,0.312,61.2,3.5,Seller's,Spring,2265285.0
7,1,188.0,300.0,27,Yes,Achumani,3419.0,Q3,0.03,4.2,0.142,48.0,6.5,Balanced,Winter,1482539.0
3,1,130.0,300.0,22,Yes,Miraflores,3549.0,Q4,0.03,10.0,0.206,58.9,5.5,Balanced,Autumn,1107038.0
5,3,139.0,400.0,24,Yes,Obrajes,3589.0,Q4,0.15,7.9,0.582,40.5,6.5,Balanced,Spring,1718202.0
4,2,185.0,200.0,17,No,Zona Sur,3350.0,Q2,0.54,6.6,0.56,66.2,5.1,Balanced,Summer,1536683.0
6,3,251.0,400.0,21,Yes,Centro,3673.0,Q2,0.31,5.8,0.453,72.2,7.2,Balanced,Summer,843659.0
9,2,167.0,440.0,11,No,El Alto,3814.0,Q1,0.19,6.4,0.093,56.2,6.9,Seller's,Summer,1002106.0
5,1,168.0,200.0,19,No,Centro,3655.0,Q1,0.03,4.8,0.114,58.6,6.6,Buyer's,Summer,968003.0
2,1,159.0,200.0,12,Yes,Centro,3647.0,Q2,0.01,5.7,0.137,58.4,6.8,Balanced,Spring,687297.0
4,1,153.0,400.0,14,Yes,Obrajes,3586.0,Q3,0.08,10.0,0.332,61.8,5.3,Balanced,Autumn,2120257.0
1,2,197.0,1118.0,15,No,Centro,3626.0,Q4,0.06,10.0,0.209,59.6,5.4,Balanced,Summer,1160278.0
1,2,115.0,400.0,23,No,El Alto,3881.0,Q1,0.28,2.6,0.201,67.7,6.8,Buyer's,Autumn,335510.0
3,1,264.0,400.0,19,No,Zona Sur,3282.0,Q4,0.0,5.5,0.376,72.3,5.2,Balanced,Winter,919137.0
5,3,147.0,468.0,20,Yes,Achumani,3349.0,Q4,0.46,10.0,0.309,51.9,7.4,Balanced,Spring,968948.0
2,3,224.0,300.0,19,Yes,El Alto,3839.0,Q3,0.07,9.7,0.047,56.9,5.7,Balanced,Spring,1833342.0
6,2,123.0,300.0,25,Yes,Centro,3686.0,Q2,0.45,6.1,0.089,69.0,6.5,Seller's,Autumn,750375.0
4,1,220.0,200.0,20,Yes,Zona Sur,3312.0,Q4,0.08,8.9,0.392,45.8,8.1,Seller's,Winter,2844340.0
1,2,220.0,300.0,21,No,El Alto,4058.0,Q1,0.04,5.2,0.562,40.3,5.3,Balanced,Summer,806964.0
5,3,202.0,200.0,17,Yes,Zona Sur,3366.0,Q3,0.26,6.7,0.379,62.3,6.1,Seller's,Spring,724536.0
2,2,134.0,400.0,25,No,Zona Sur,3256.0,Q3,0.2,8.5,0.516,65.0,7.1,Seller's,Spring,3610405.0
7,2,194.0,200.0,26,Yes,El Alto,3964.0,Q3,0.12,4.1,0.102,52.8,7.0,Buyer's,Spring,1058231.0
4,4,126.0,200.0,19,No,Zona Sur,3217.0,Q4,0.07,10.0,0.079,54.2,5.7,Buyer's,Summer,1275221.0
2,2,167.0,300.0,17,No,Zona Sur,3383.0,Q4,0.01,10.0,0.023,52.4,5.5,Balanced,Summer,1783284.0
2,1,245.0,439.0,11,Yes,El Alto,3921.0,Q4,0.11,9.6,0.515,51.3,5.8,Balanced,Autumn,583132.0
1,1,229.0,507.0,15,No,Zona Sur,3279.0,Q2,0.58,4.7,0.427,66.9,7.4,Seller's,Spring,2612359.0
4,1,181.0,313.0,9,Yes,Miraflores,3530.0,Q3,0.02,4.5,0.274,48.2,5.7,Seller's,Spring,1224946.0
3,3,134.0,400.0,15,Yes,Zona Sur,3292.0,Q4,0.03,7.6,0.328,57.3,6.1,Seller's,Summer,1684928.0
5,1,218.0,400.0,21,No,El Alto,3876.0,Q1,0.7,5.3,0.569,50.9,5.6,Buyer's,Winter,407310.0
6,2,181.0,400.0,19,No,El Alto,3912.0,Q2,0.08,6.7,0.14,45.4,6.7,Balanced,Summer,1027273.0
2,3,90.0,300.0,31,Yes,El Alto,4040.0,Q1,0.32,4.0,0.03,68.7,6.2,Buyer's,Winter,639081.0
1,1,228.0,287.0,18,Yes,Miraflores,3583.0,Q4,0.08,9.5,0.14,54.8,5.0,Buyer's,Summer,2512379.0
6,1,179.0,200.0,17,No,Zona Sur,3261.0,Q3,0.15,9.6,0.06,61.9,5.0,Balanced,Spring,1920010.0
6,4,258.0,200.0,25,No,Zona Sur,3294.0,Q3,0.09,3.5,0.725,44.9,4.0,Buyer's,Spring,2347604.0
2,2,130.0,400.0,10,Yes,Centro,3687.0,Q3,0.06,6.8,0.393,52.6,5.2,Balanced,Autumn,1093339.0
1,2,69.0,300.0,12,No,Obrajes,3411.0,Q2,0.01,7.5,0.577,67.6,6.8,Balanced,Summer,822941.0
3,1,196.0,300.0,23,Yes,Miraflores,3589.0,Q2,0.33,6.1,0.314,85.9,7.3,Seller's,Autumn,2548834.0
3,2,196.0,300.0,19,Yes,Miraflores,3522.0,Q3,0.22,8.3,0.346,40.2,6.7,Buyer's,Autumn,2050556.0
3,1,108.0,400.0,19,Yes,Zona Sur,3336.0,Q3,0.18,7.3,0.242,58.0,6.6,Seller's,Autumn,1669636.0
7,1,134.0,306.0,15,Yes,El Alto,3975.0,Q2,0.25,8.9,0.525,64.1,5.9,Seller's,Spring,2327568.0
7,4,411.0,200.0,21,No,El Alto,3966.0,Q2,0.07,3.0,0.295,53.8,6.8,Seller's,Winter,1770099.0
6,2,164.0,299.0,15,Yes,El Alto,4058.0,Q2,0.01,5.8,0.098,68.5,6.3,Seller's,Summer,1137533.0
6,2,224.0,484.0,20,No,Achumani,3320.0,Q3,0.26,4.0,0.432,51.3,7.8,Balanced,Summer,1904432.0
1,2,148.0,200.0,14,Yes,Centro,3635.0,Q2,0.16,3.7,0.294,61.5,5.9,Balanced,Summer,1583873.0
3,1,96.0,218.0,19,No,Zona Sur,3308.0,Q2,0.09,5.1,0.295,54.8,7.3,Seller's,Autumn,1015957.0
6,1,171.0,400.0,30,No,Miraflores,3581.0,Q3,0.02,4.5,0.401,72.2,6.9,Seller's,Spring,2764723.0
6,1,166.0,352.0,17,No,El Alto,3865.0,Q3,0.01,10.0,0.646,53.2,6.7,Balanced,Summer,1214271.0
2,1,160.0,200.0,19,No,El Alto,4041.0,Q1,0.13,6.7,0.693,56.5,4.0,Seller's,Summer,1665826.0
5,1,174.0,200.0,18,Yes,Centro,3640.0,Q2,0.39,4.8,0.619,69.5,6.9,Balanced,Summer,1164449.0
4,3,195.0,200.0,20,No,El Alto,3857.0,Q1,0.75,5.2,0.354,49.7,5.9,Buyer's,Spring,569674.0
3,5,172.0,200.0,22,No,El Alto,4028.0,Q2,0.54,6.1,0.439,60.7,5.6,Balanced,Spring,609455.0
3,1,123.0,861.0,21,Yes,Achumani,3318.0,Q3,0.4,9.6,0.199,41.8,4.5,Buyer's,Spring,923224.0
3,2,208.0,200.0,21,No,El Alto,3954.0,Q1,0.71,5.2,0.388,49.1,6.0,Balanced,Summer,482197.0
7,2,100.0,200.0,19,Yes,El Alto,3819.0,Q2,0.18,2.7,0.274,63.8,6.0,Buyer's,Winter,1106900.0
5,1,97.0,400.0,20,Yes,Miraflores,3536.0,Q1,0.07,5.8,0.092,50.1,4.7,Balanced,Spring,531146.0
2,2,225.0,183.0,18,No,El Alto,3980.0,Q1,0.48,5.8,0.411,54.6,4.5,Seller's,Summer,425284.0
2,3,210.0,400.0,10,Yes,Obrajes,3511.0,Q4,0.02,8.5,0.129,64.9,6.5,Balanced,Summer,1162685.0
2,3,177.0,300.0,33,No,Centro,3640.0,Q2,0.07,8.4,0.233,54.2,6.9,Buyer's,Autumn,566177.0
6,3,118.0,300.0,23,Yes,El Alto,3929.0,Q1,0.08,6.6,0.235,68.2,6.2,Balanced,Spring,1662841.0
4,1,146.0,1005.0,15,Yes,El Alto,3868.0,Q4,0.07,8.7,0.516,62.2,7.2,Buyer's,Spring,1530675.0
2,1,166.0,400.0,21,Yes,Zona Sur,3291.0,Q4,0.04,9.4,0.241,64.4,5.9,Balanced,Spring,2280750.0
4,2,112.0,200.0,13,Yes,El Alto,4086.0,Q2,0.04,9.0,0.466,72.4,5.9,Balanced,Winter,563660.0
7,2,144.0,200.0,17,No,Zona Sur,3370.0,Q4,0.06,6.6,0.118,63.2,5.1,Seller's,Summer,4134239.0
3,1,219.0,586.0,12,Yes,Obrajes,3429.0,Q2,0.5,4.7,0.166,75.4,4.4,Buyer's,Spring,416405.0
6,2,276.0,300.0,19,Yes,Achumani,3306.0,Q4,0.08,5.6,0.528,69.1,7.9,Balanced,Spring,4996858.0
3,2,159.0,200.0,12,Yes,Zona Sur,3387.0,Q4,0.21,10.0,0.175,54.8,7.1,Seller's,Spring,1573026.0
2,2,226.0,400.0,21,Yes,Zona Sur,3305.0,Q4,0.02,10.0,0.15,72.9,4.6,Seller's,Spring,1514872.0
8,1,101.0,414.0,23,No,El Alto,3961.0,Q1,0.05,2.6,0.45,62.6,6.2,Buyer's,Autumn,621323.0
9,1,219.0,431.0,15,Yes,Miraflores,3578.0,Q2,0.21,8.9,0.333,56.1,5.9,Balanced,Summer,1498482.0
1,2,141.0,300.0,20,No,Zona Sur,3263.0,Q4,0.06,10.0,0.172,62.8,5.7,Buyer's,Autumn,2793300.0
4,1,197.0,200.0,15,No,Centro,3648.0,Q3,0.17,9.8,0.353,71.1,5.6,Balanced,Summer,1610234.0
7,3,167.0,200.0,22,No,Centro,3697.0,Q1,0.47,2.3,0.292,64.6,6.4,Buyer's,Summer,1455640.0
2,2,267.0,200.0,16,No,Zona Sur,3334.0,Q3,0.22,7.2,0.344,78.2,6.8,Seller's,Spring,942191.0
10,1,138.0,300.0,23,Yes,Achumani,3331.0,Q3,0.46,8.7,0.156,70.9,6.4,Buyer's,Summer,1410939.0
4,1,217.0,400.0,10,Yes,Obrajes,3427.0,Q1,0.15,4.8,0.122,65.2,5.9,Balanced,Autumn,1640145.0
4,4,166.0,200.0,14,No,El Alto,3861.0,Q1,0.07,5.4,0.224,49.7,5.8,Balanced,Spring,970539.0
7,2,172.0,377.0,14,No,Achumani,3453.0,Q3,0.13,9.6,0.068,58.2,6.9,Seller's,Autumn,1336185.0
3,2,170.0,300.0,21,No,Miraflores,3530.0,Q3,0.02,6.2,0.047,60.7,6.5,Balanced,Winter,1853715.0
1,1,140.0,300.0,22,No,Miraflores,3502.0,Q2,0.08,8.0,0.114,67.0,6.1,Buyer's,Spring,1074204.0
5,3,179.0,200.0,21,Yes,Miraflores,3594.0,Q4,0.02,5.4,0.184,66.4,6.0,Buyer's,Winter,868382.0
1,2,177.0,200.0,17,Yes,El Alto,3851.0,Q1,0.15,3.4,0.109,61.7,6.3,Buyer's,Spring,247428.0
4,1,194.0,400.0,6,No,Obrajes,3402.0,Q3,0.02,3.6,0.129,61.2,5.5,Seller's,Summer,2156360.0
6,1,185.0,300.0,20,No,El Alto,3871.0,Q1,0.01,3.9,0.407,67.2,6.8,Balanced,Autumn,2393245.0
6,3,229.0,200.0,23,Yes,Achumani,3347.0,Q4,0.11,7.4,0.06,51.4,4.9,Balanced,Summer,1233915.0
5,2,237.0,526.0,33,No,El Alto,3927.0,Q4,0.09,10.0,0.26,77.0,5.6,Buyer's,Spring,803149.0
2,2,131.0,145.0,17,Yes,Centro,3692.0,Q4,0.12,9.8,0.04,39.5,6.6,Seller's,Autumn,1670958.0
2,3,234.0,400.0,16,Yes,Centro,3688.0,Q3,0.17,6.7,0.246,74.6,4.9,Balanced,Winter,486582.0
2,1,126.0,200.0,21,No,Zona Sur,3291.0,Q4,0.01,9.8,0.087,59.5,4.4,Seller's,Spring,1521545.0
3,3,215.0,200.0,18,No,Zona Sur,3282.0,Q4,0.03,4.4,0.31,70.0,6.1,Balanced,Winter,908350.0
4,1,217.0,300.0,26,Yes,El Alto,3967.0,Q3,0.02,4.7,0.169,63.6,4.3,Balanced,Summer,1226640.0
2,1,101.0,300.0,15,Yes,Centro,3624.0,Q4,0.19,9.6,0.231,63.5,4.7,Balanced,Winter,1611983.0
2,2,185.0,1075.0,18,Yes,El Alto,3816.0,Q1,0.41,5.2,0.62,65.5,6.8,Buyer's,Spring,636481.0
2,3,156.0,159.0,24,No,El Alto,4082.0,Q4,0.02,10.0,0.175,68.1,5.8,Seller's,Autumn,583547.0
3,1,143.0,582.0,21,Yes,Miraflores,3519.0,Q2,0.1,5.2,0.581,56.7,7.3,Seller's,Spring,1267466.0
4,2,270.0,400.0,25,No,Centro,3620.0,Q2,0.82,7.3,0.265,70.3,4.8,Buyer's,Winter,408773.0
3,2,148.0,710.0,17,No,Centro,3647.0,Q1,0.27,5.5,0.269,49.2,5.9,Buyer's,Autumn,549494.0
3,2,141.0,741.0,26,No,Centro,3649.0,Q2,0.39,8.8,0.077,59.9,6.4,Buyer's,Summer,797253.0
4,2,184.0,300.0,11,Yes,Achumani,3304.0,Q4,0.03,5.9,0.197,68.4,4.8,Seller's,Spring,2421757.0
3,1,221.0,400.0,11,No,Centro,3615.0,Q4,0.02,8.9,0.426,70.0,7.0,Buyer's,Winter,1531311.0
5,5,173.0,288.0,26,Yes,El Alto,3913.0,Q2,0.37,6.5,0.241,64.6,6.5,Balanced,Autumn,683562.0
5,2,255.0,300.0,20,Yes,Achumani,3437.0,Q3,0.19,10.0,0.141,56.1,4.4,Buyer's,Summer,1787230.0
2,2,211.0,200.0,24,Yes,Achumani,3346.0,Q3,0.18,4.8,0.086,69.0,6.0,Balanced,Summer,1153495.0
3,1,94.0,300.0,20,Yes,Achumani,3385.0,Q4,0.08,8.7,0.451,53.3,6.4,Seller's,Winter,902866.0
2,1,154.0,300.0,19,No,Miraflores,3556.0,Q2,0.2,4.9,0.425,77.5,5.4,Seller's,Summer,1095616.0
3,2,152.0,400.0,13,Yes,Zona Sur,3378.0,Q4,0.13,8.7,0.615,59.2,4.5,Buyer's,Spring,1483439.0
4,2,208.0,299.0,19,Yes,Miraflores,3533.0,Q3,0.05,5.1,0.117,44.6,6.3,Balanced,Winter,767290.0
3,1,82.0,400.0,26,No,Miraflores,3513.0,Q3,0.07,3.7,0.45,48.1,8.2,Balanced,Summer,1264924.0
5,2,387.0,400.0,20,Yes,Obrajes,3498.0,Q3,0.33,7.7,0.079,60.4,5.6,Seller's,Summer,1377989.0
4,3,211.0,400.0,23,No,El Alto,4024.0,Q3,0.06,5.9,0.202,61.4,7.6,Buyer's,Spring,858095.0
5,3,188.0,200.0,23,Yes,Zona Sur,3222.0,Q3,0.13,4.7,0.304,79.7,5.2,Buyer's,Winter,1690989.0
2,3,257.0,400.0,14,Yes,Zona Sur,3285.0,Q3,0.19,5.8,0.429,49.6,6.2,Balanced,Spring,1189428.0
2,1,364.0,300.0,24,No,Zona Sur,3204.0,Q4,0.95,4.3,0.086,60.4,6.8,Buyer's,Autumn,690995.0
2,1,234.0,400.0,18,Yes,El Alto,3810.0,Q1,0.17,6.8,0.613,49.4,6.0,Buyer's,Winter,336592.0
3,1,239.0,400.0,18,Yes,El Alto,3945.0,Q3,0.09,7.8,0.27,55.1,5.7,Balanced,Spring,1700799.0
3,2,187.0,400.0,30,Yes,Achumani,3360.0,Q3,0.3,9.6,0.118,76.8,6.7,Seller's,Winter,632543.0
6,1,173.0,200.0,22,Yes,Obrajes,3569.0,Q3,0.26,6.6,0.345,48.6,7.9,Balanced,Summer,1276499.0
6,4,156.0,300.0,16,Yes,Miraflores,3560.0,Q4,0.13,10.0,0.516,65.9,6.3,Balanced,Autumn,3171127.0
3,1,140.0,200.0,20,Yes,Miraflores,3545.0,Q3,0.1,7.0,0.21,63.9,5.5,Balanced,Summer,1217634.0
3,2,146.0,352.0,20,Yes,Miraflores,3541.0,Q3,0.06,7.7,0.256,59.8,5.8,Balanced,Autumn,801718.0
4,3,120.0,200.0,28,No,Centro,3650.0,Q2,0.23,5.8,0.108,65.2,8.5,Balanced,Spring,1267189.0
3,2,176.0,300.0,20,Yes,Obrajes,3408.0,Q2,0.5,7.3,0.271,48.4,6.1,Balanced,Spring,1470183.0
2,3,109.0,200.0,31,Yes,El Alto,4068.0,Q2,0.52,6.3,0.22,76.6,5.4,Buyer's,Winter,241821.0
3,2,191.0,400.0,13,Yes,El Alto,4099.0,Q1,0.03,3.4,0.224,79.2,4.9,Buyer's,Spring,460275.0
6,2,178.0,687.0,19,No,Centro,3618.0,Q4,0.06,5.2,0.173,60.5,4.2,Balanced,Winter,1041013.0
6,3,188.0,200.0,16,No,Zona Sur,3224.0,Q4,0.06,9.4,0.047,84.2,6.4,Balanced,Spring,1752293.0
4,4,154.0,400.0,17,No,Zona Sur,3229.0,Q3,0.61,7.1,0.182,56.0,6.7,Seller's,Summer,688473.0
5,2,453.0,400.0,17,No,Centro,3666.0,Q3,0.18,4.0,0.256,64.0,5.6,Balanced,Winter,1175759.0
2,2,271.0,300.0,16,Yes,El Alto,3998.0,Q2,0.13,5.2,0.161,74.3,6.0,Buyer's,Spring,1118607.0
4,1,124.0,186.0,28,Yes,Miraflores,3585.0,Q2,0.01,5.9,0.132,55.4,4.8,Buyer's,Winter,750293.0
5,2,193.0,300.0,27,No,El Alto,4026.0,Q1,0.25,6.2,0.169,46.2,6.1,Buyer's,Summer,571616.0
4,2,150.0,200.0,22,No,Achumani,3390.0,Q3,0.02,3.9,0.245,43.9,6.5,Seller's,Summer,998033.0
4,3,133.0,300.0,17,Yes,Centro,3661.0,Q3,0.29,6.0,0.215,80.6,5.5,Balanced,Autumn,967020.0
4,1,120.0,200.0,16,Yes,El Alto,4006.0,Q2,0.34,7.9,0.355,54.7,7.7,Seller's,Summer,1393455.0
4,2,205.0,404.0,23,No,Centro,3651.0,Q3,0.1,8.3,0.129,58.1,5.2,Balanced,Summer,2076495.0
6,4,147.0,300.0,21,No,El Alto,3943.0,Q2,0.13,4.5,0.058,48.9,6.3,Seller's,Autumn,494892.0
4,3,241.0,300.0,19,Yes,El Alto,3994.0,Q2,0.55,8.0,0.208,69.5,6.8,Seller's,Summer,980554.0
6,3,243.0,200.0,22,No,Obrajes,3511.0,Q3,0.05,7.1,0.466,52.2,5.9,Balanced,Spring,3524236.0
3,3,272.0,400.0,24,Yes,Miraflores,3564.0,Q3,0.05,7.1,0.208,55.1,5.8,Seller's,Winter,1860090.0
3,2,139.0,400.0,19,Yes,Centro,3661.0,Q2,0.67,8.9,0.497,63.0,4.6,Balanced,Winter,964754.0
6,2,208.0,200.0,16,Yes,Zona Sur,3344.0,Q4,0.17,10.0,0.608,49.4,7.4,Seller's,Summer,2477272.0
4,1,218.0,300.0,13,Yes,Miraflores,3564.0,Q3,0.27,6.1,0.07,58.2,5.8,Seller's,Summer,1661057.0
4,1,156.0,200.0,21,Yes,El Alto,3956.0,Q3,0.03,4.4,0.305,74.0,6.5,Seller's,Autumn,1067969.0
4,3,143.0,200.0,30,No,Obrajes,3536.0,Q3,0.02,5.8,0.715,64.3,6.7,Balanced,Summer,1761546.0
7,1,292.0,346.0,14,Yes,Centro,3645.0,Q2,0.01,2.9,0.448,61.3,5.4,Seller's,Summer,1111627.0
7,2,193.0,400.0,25,Yes,Zona Sur,3248.0,Q4,0.03,4.1,0.463,62.1,5.8,Balanced,Winter,1684714.0
4,2,218.0,200.0,16,Yes,Miraflores,3500.0,Q2,0.36,5.2,0.173,56.1,7.3,Buyer's,Spring,1862329.0
6,1,141.0,400.0,17,Yes,Centro,3656.0,Q3,0.04,10.0,0.177,80.0,4.9,Balanced,Summer,1449325.0
3,1,125.0,400.0,24,No,Miraflores,3559.0,Q3,0.21,10.0,0.313,51.9,8.1,Seller's,Winter,1423165.0
5,2,152.0,300.0,18,No,Miraflores,3597.0,Q4,0.03,8.6,0.422,62.1,5.3,Buyer's,Autumn,1207590.0
4,2,173.0,1170.0,21,No,El Alto,3908.0,Q2,0.12,6.3,0.273,61.2,4.8,Balanced,Winter,1237198.0
3,2,131.0,200.0,21,No,Zona Sur,3279.0,Q4,0.41,4.0,0.467,70.1,6.1,Balanced,Summer,2003208.0
5,2,179.0,400.0,16,Yes,Centro,3620.0,Q2,0.07,4.1,0.555,71.0,8.2,Balanced,Spring,1833341.0
2,2,108.0,400.0,24,Yes,El Alto,3821.0,Q4,0.05,4.1,0.059,59.7,4.1,Seller's,Winter,1036352.0
4,1,129.0,300.0,19,No,Miraflores,3577.0,Q4,0.04,10.0,0.515,62.9,5.9,Seller's,Summer,1696081.0
2,2,220.0,400.0,13,No,El Alto,3875.0,Q2,0.03,3.6,0.493,63.3,6.5,Balanced,Autumn,602663.0
4,4,216.0,218.0,15,No,El Alto,3983.0,Q1,0.2,6.4,0.234,37.3,6.0,Buyer's,Spring,742126.0
4,1,160.0,200.0,4,No,El Alto,4006.0,Q2,0.11,6.8,0.118,44.1,6.4,Balanced,Autumn,867324.0
2,1,133.0,300.0,20,No,Centro,3647.0,Q1,0.36,3.2,0.434,53.9,5.3,Balanced,Summer,1411675.0
3,1,132.0,400.0,26,Yes,Miraflores,3588.0,Q3,0.27,4.5,0.265,54.4,5.4,Balanced,Spring,1686195.0
5,2,161.0,200.0,14,Yes,Achumani,3389.0,Q2,0.19,6.7,0.295,48.0,5.9,Buyer's,Summer,1926925.0
3,1,218.0,300.0,22,No,El Alto,3885.0,Q2,0.01,8.4,0.147,67.5,4.9,Balanced,Autumn,463530.0
6,3,238.0,200.0,22,No,Miraflores,3590.0,Q3,0.15,8.8,0.16,60.0,6.0,Balanced,Spring,931791.0
1,1,155.0,300.0,16,Yes,Zona Sur,3372.0,Q3,0.01,6.0,0.286,57.9,5.6,Balanced,Autumn,1527869.0
4,1,127.0,400.0,27,Yes,Zona Sur,3233.0,Q4,0.1,9.2,0.4,47.4,5.5,Balanced,Summer,2741276.0
3,1,195.0,400.0,18,Yes,Zona Sur,3205.0,Q4,0.12,6.7,0.179,59.6,6.3,Balanced,Spring,1702393.0
1,1,141.0,200.0,30,Yes,El Alto,3827.0,Q1,0.07,7.0,0.509,33.7,4.2,Buyer's,Autumn,1200372.0
3,2,154.0,200.0,11,No,Zona Sur,3257.0,Q4,0.17,10.0,0.401,58.4,5.8,Seller's,Summer,1465520.0
3,1,268.0,200.0,18,Yes,Miraflores,3597.0,Q2,0.58,6.6,0.413,60.6,8.3,Balanced,Spring,719073.0
5,4,231.0,300.0,19,Yes,El Alto,3968.0,Q1,0.5,4.2,0.675,62.4,4.9,Buyer's,Summer,539486.0
3,2,189.0,400.0,19,Yes,Miraflores,3537.0,Q2,0.09,6.6,0.138,44.4,7.3,Balanced,Autumn,946574.0
2,1,123.0,200.0,23,No,El Alto,4067.0,Q2,0.21,4.9,0.415,62.2,6.1,Seller's,Winter,769088.0
2,1,192.0,578.0,36,Yes,El Alto,3936.0,Q1,0.74,2.2,0.582,49.6,5.4,Seller's,Spring,381136.0
1,3,248.0,200.0,22,Yes,Miraflores,3532.0,Q4,0.04,7.5,0.197,51.9,4.7,Seller's,Summer,771807.0
3,2,161.0,300.0,20,Yes,El Alto,4082.0,Q2,0.41,8.6,0.23,67.2,6.1,Buyer's,Spring,904472.0
5,1,270.0,200.0,14,Yes,El Alto,4055.0,Q1,0.0,5.2,0.439,80.1,7.5,Balanced,Autumn,399019.0
4,1,265.0,200.0,10,Yes,Centro,3684.0,Q3,0.0,3.9,0.393,60.5,5.6,Seller's,Summer,1033569.0
6,1,297.0,300.0,25,Yes,Miraflores,3551.0,Q2,0.34,8.3,0.099,51.8,5.9,Balanced,Autumn,758739.0
6,1,197.0,300.0,17,No,Centro,3679.0,Q3,0.23,5.4,0.324,61.9,7.0,Seller's,Summer,1609442.0
4,4,215.0,200.0,33,Yes,Obrajes,3436.0,Q2,0.37,4.2,0.045,69.4,6.3,Buyer's,Winter,921231.0
5,2,275.0,200.0,24,Yes,El Alto,3972.0,Q1,0.8,3.6,0.457,66.2,4.4,Buyer's,Summer,1096615.0
2,1,206.0,300.0,21,No,Zona Sur,3397.0,Q4,0.01,9.2,0.18,87.4,6.1,Seller's,Winter,2123806.0
4,1,155.0,996.0,21,Yes,El Alto,3887.0,Q4,0.03,8.9,0.424,52.8,7.5,Balanced,Spring,1784944.0
5,3,157.0,300.0,22,No,Centro,3679.0,Q2,0.56,5.8,0.13,62.5,6.0,Buyer's,Summer,907293.0
5,3,193.0,400.0,16,Yes,El Alto,3947.0,Q3,0.03,8.8,0.267,75.5,3.3,Balanced,Autumn,543980.0
4,1,122.0,200.0,11,Yes,El Alto,3812.0,Q1,0.34,3.7,0.105,74.9,6.4,Seller's,Autumn,539183.0
3,1,172.0,200.0,17,No,Centro,3676.0,Q4,0.08,10.0,0.13,40.5,5.8,Buyer's,Spring,1488279.0
3,3,250.0,400.0,19,No,Achumani,3334.0,Q3,0.01,4.6,0.121,60.0,4.2,Buyer's,Winter,1637710.0
4,3,93.0,300.0,16,Yes,El Alto,3989.0,Q1,0.1,5.9,0.148,74.8,4.3,Buyer's,Spring,446527.0
4,2,285.0,200.0,13,Yes,El Alto,3826.0,Q1,0.22,5.4,0.455,88.9,7.0,Seller's,Spring,1014278.0
5,2,252.0,400.0,16,Yes,Zona Sur,3389.0,Q2,0.46,7.0,0.233,67.0,5.3,Seller's,Summer,1352926.0
1,2,157.0,622.0,25,No,Achumani,3358.0,Q3,0.2,7.0,0.287,56.3,5.1,Balanced,Summer,771206.0
3,2,212.0,611.0,23,No,Obrajes,3445.0,Q2,0.23,6.9,0.228,49.9,6.0,Balanced,Autumn,760548.0
5,4,180.0,300.0,20,Yes,Zona Sur,3226.0,Q4,0.07,4.6,0.055,82.2,5.4,Balanced,Summer,1451007.0
3,1,260.0,300.0,22,Yes,Centro,3695.0,Q4,0.04,10.0,0.381,67.3,6.1,Buyer's,Summer,836633.0
5,2,242.0,300.0,14,Yes,Miraflores,3571.0,Q1,0.04,2.4,0.531,51.5,5.8,Seller's,Summer,1553563.0
4,2,118.0,300.0,16,Yes,El Alto,4022.0,Q2,0.13,3.6,0.178,58.0,4.8,Buyer's,Summer,922012.0
3,2,215.0,400.0,21,Yes,El Alto,3950.0,Q2,0.01,6.3,0.06,63.1,5.5,Balanced,Winter,494710.0
4,2,169.0,400.0,14,Yes,Zona Sur,3295.0,Q4,0.02,10.0,0.165,65.4,6.4,Balanced,Winter,1652478.0
8,2,185.0,1433.0,20,No,Achumani,3322.0,Q3,0.09,3.9,0.304,51.0,6.0,Buyer's,Summer,1787458.0
4,1,145.0,400.0,13,No,Zona Sur,3312.0,Q4,0.05,10.0,0.085,53.9,5.9,Balanced,Spring,2318050.0
6,1,304.0,400.0,11,No,El Alto,3874.0,Q1,0.01,6.9,0.468,43.5,7.9,Balanced,Winter,986908.0
9,5,246.0,300.0,23,Yes,Centro,3698.0,Q2,0.21,6.5,0.159,70.4,6.7,Seller's,Spring,1938668.0
2,1,144.0,501.0,25,Yes,Miraflores,3580.0,Q1,0.24,4.5,0.065,56.6,6.9,Buyer's,Spring,1095239.0
3,2,121.0,200.0,16,No,Zona Sur,3283.0,Q4,0.01,10.0,0.073,64.7,5.8,Buyer's,Spring,2660477.0
3,2,160.0,400.0,12,Yes,Zona Sur,3230.0,Q2,0.69,4.8,0.303,74.2,6.2,Balanced,Spring,893900.0
2,2,205.0,400.0,8,No,El Alto,4036.0,Q2,0.03,5.8,0.226,62.2,5.6,Seller's,Winter,692184.0
4,1,193.0,759.0,29,Yes,El Alto,3837.0,Q1,0.58,6.6,0.197,58.9,6.8,Buyer's,Summer,415850.0
5,2,262.0,300.0,20,Yes,Zona Sur,3238.0,Q4,0.0,10.0,0.397,61.9,5.9,Seller's,Winter,3014059.0
2,2,228.0,425.0,16,Yes,Zona Sur,3242.0,Q2,0.51,8.5,0.345,60.6,6.2,Seller's,Spring,1392107.0
8,2,241.0,300.0,18,Yes,Zona Sur,3311.0,Q4,0.0,6.3,0.325,72.5,6.2,Seller's,Summer,1932072.0
7,1,199.0,200.0,10,No,El Alto,4036.0,Q3,0.23,5.1,0.246,63.1,6.0,Buyer's,Winter,701098.0
3,3,119.0,200.0,23,Yes,El Alto,3894.0,Q1,0.13,3.6,0.447,54.6,8.9,Balanced,Winter,463568.0
3,3,170.0,400.0,30,Yes,Zona Sur,3217.0,Q3,0.21,6.7,0.14,70.5,5.3,Buyer's,Autumn,1043633.0
2,3,247.0,300.0,16,Yes,El Alto,3939.0,Q2,0.12,4.7,0.182,72.3,5.3,Balanced,Spring,336027.0
1,1,177.0,636.0,31,No,Zona Sur,3350.0,Q2,0.02,5.1,0.607,46.6,6.7,Seller's,Autumn,1678664.0
5,1,209.0,200.0,19,Yes,Obrajes,3444.0,Q3,0.23,8.1,0.176,75.3,5.4,Buyer's,Summer,1508848.0
4,2,164.0,300.0,28,Yes,Obrajes,3444.0,Q2,0.02,7.5,0.607,63.6,5.7,Balanced,Summer,1323592.0
5,2,132.0,400.0,21,Yes,El Alto,4084.0,Q3,0.41,9.0,0.067,62.8,4.9,Buyer's,Autumn,1320628.0
6,1,173.0,400.0,21,Yes,Obrajes,3591.0,Q4,0.01,10.0,0.216,70.1,6.5,Seller's,Autumn,1599289.0
2,2,197.0,400.0,29,Yes,Achumani,3498.0,Q3,0.1,3.5,0.545,54.3,6.5,Buyer's,Autumn,560279.0
2,2,148.0,200.0,23,No,Achumani,3462.0,Q3,0.21,3.7,0.211,69.5,5.7,Buyer's,Autumn,794005.0
3,3,168.0,400.0,21,Yes,El Alto,3856.0,Q3,0.08,9.4,0.428,56.2,6.7,Balanced,Spring,959918.0
7,2,136.0,300.0,10,Yes,Miraflores,3521.0,Q4,0.02,8.8,0.405,45.3,4.1,Seller's,Summer,2897175.0
4,2,252.0,424.0,12,No,Miraflores,3534.0,Q4,0.14,9.2,0.143,50.0,5.3,Buyer's,Autumn,1301014.0
4,2,165.0,200.0,22,Yes,Miraflores,3532.0,Q2,0.37,3.0,0.043,65.7,5.8,Buyer's,Spring,607831.0
3,2,278.0,494.0,27,Yes,El Alto,4087.0,Q1,0.77,3.4,0.22,50.5,4.8,Buyer's,Summer,267672.0
7,1,285.0,200.0,20,Yes,Zona Sur,3358.0,Q4,0.05,9.7,0.364,76.1,4.3,Seller's,Spring,1997571.0
2,4,176.0,200.0,17,Yes,Miraflores,3572.0,Q3,0.11,9.9,0.238,71.9,5.7,Balanced,Summer,935077.0
4,2,133.0,300.0,10,No,Centro,3619.0,Q1,0.14,6.6,0.218,73.3,6.7,Seller's,Winter,628650.0
2,4,96.0,300.0,16,No,Miraflores,3591.0,Q1,0.09,4.6,0.04,61.2,7.3,Balanced,Spring,763207.0
3,1,116.0,862.0,20,No,El Alto,4048.0,Q3,0.22,7.5,0.304,62.6,5.5,Buyer's,Summer,854918.0
5,1,119.0,200.0,15,No,Obrajes,3433.0,Q4,0.04,10.0,0.309,48.1,6.7,Balanced,Autumn,3195613.0
6,1,272.0,200.0,15,Yes,El Alto,4061.0,Q1,0.17,4.7,0.718,70.0,6.6,Buyer's,Spring,1385035.0
9,1,186.0,1288.0,19,Yes,El Alto,3882.0,Q3,0.08,7.3,0.44,63.8,7.2,Balanced,Winter,2009033.0
3,2,202.0,300.0,27,Yes,El Alto,3824.0,Q2,0.3,8.4,0.23,65.7,5.6,Balanced,Summer,1109756.0
3,2,92.0,400.0,23,Yes,Centro,3666.0,Q4,0.25,10.0,0.089,76.9,4.2,Balanced,Winter,992771.0
5,1,126.0,200.0,21,No,Zona Sur,3331.0,Q4,0.11,10.0,0.231,53.9,6.1,Buyer's,Spring,1635147.0
1,1,235.0,446.0,20,No,Achumani,3319.0,Q2,0.15,4.1,0.342,58.7,5.0,Buyer's,Spring,1154711.0
5,1,196.0,400.0,22,Yes,Miraflores,3532.0,Q3,0.24,7.3,0.253,63.3,5.3,Seller's,Summer,1423536.0
4,2,172.0,200.0,19,Yes,Zona Sur,3399.0,Q4,0.1,10.0,0.386,50.6,5.7,Seller's,Summer,2213303.0
7,1,213.0,200.0,17,Yes,El Alto,4004.0,Q2,0.02,3.4,0.396,58.1,5.7,Buyer's,Winter,903018.0
3,2,294.0,711.0,23,Yes,Zona Sur,3346.0,Q2,0.02,7.7,0.356,64.9,6.1,Buyer's,Spring,2505234.0
3,1,168.0,400.0,18,Yes,Centro,3621.0,Q4,0.0,5.6,0.2,56.7,6.7,Seller's,Autumn,1373393.0
4,3,184.0,300.0,14,Yes,Zona Sur,3216.0,Q3,0.1,9.5,0.364,73.1,5.6,Seller's,Spring,1870468.0
7,2,191.0,400.0,27,No,Zona Sur,3255.0,Q3,0.28,8.0,0.457,44.9,6.4,Seller's,Winter,2251572.0
1,1,369.0,340.0,10,No,Zona Sur,3250.0,Q4,0.04,5.7,0.271,71.2,6.0,Buyer's,Autumn,1416830.0
5,3,96.0,641.0,27,Yes,Zona Sur,3247.0,Q4,0.05,8.2,0.046,66.6,6.9,Balanced,Summer,2277112.0
5,5,221.0,371.0,22,Yes,El Alto,3858.0,Q1,0.72,5.4,0.08,54.3,5.8,Buyer's,Spring,281368.0
4,1,174.0,400.0,15,Yes,Achumani,3415.0,Q4,0.18,9.7,0.405,50.8,5.9,Balanced,Autumn,1098851.0
5,2,213.0,400.0,20,No,Centro,3633.0,Q3,0.18,6.6,0.21,39.2,5.6,Buyer's,Spring,1841639.0
5,1,148.0,400.0,17,No,Achumani,3464.0,Q3,0.05,10.0,0.673,52.0,5.8,Buyer's,Spring,1957221.0
5,2,177.0,519.0,24,No,Miraflores,3518.0,Q3,0.02,7.3,0.084,70.5,5.2,Buyer's,Autumn,879749.0
2,1,223.0,400.0,23,Yes,Miraflores,3546.0,Q1,0.0,4.6,0.275,59.4,5.1,Balanced,Winter,1049369.0
6,1,458.0,400.0,22,No,Zona Sur,3203.0,Q4,0.01,4.5,0.041,71.6,6.8,Balanced,Winter,1479911.0
7,3,229.0,490.0,23,Yes,El Alto,3945.0,Q3,0.06,10.0,0.122,53.8,4.9,Balanced,Summer,1522745.0
1,1,140.0,400.0,19,Yes,Centro,3606.0,Q1,0.24,3.0,0.391,67.1,5.7,Seller's,Summer,551407.0
5,3,159.0,200.0,28,Yes,El Alto,4093.0,Q1,0.02,4.7,0.486,52.8,7.0,Seller's,Winter,906170.0
3,2,157.0,300.0,26,Yes,El Alto,4037.0,Q3,0.02,9.5,0.143,50.3,5.6,Balanced,Summer,944704.0
3,4,105.0,300.0,17,No,Centro,3649.0,Q2,0.05,4.1,0.421,58.9,6.8,Seller's,Summer,1342427.0
4,5,163.0,286.0,24,Yes,El Alto,3826.0,Q1,0.3,4.7,0.447,53.4,5.4,Balanced,Winter,721241.0
2,1,224.0,300.0,23,Yes,Obrajes,3518.0,Q4,0.1,6.1,0.123,44.6,4.9,Buyer's,Spring,1381697.0
2,3,123.0,400.0,18,Yes,Miraflores,3576.0,Q2,0.19,7.5,0.265,58.2,4.4,Seller's,Spring,1044682.0
6,1,247.0,300.0,18,Yes,Centro,3619.0,Q1,0.09,4.9,0.64,61.1,7.3,Buyer's,Autumn,899757.0
1,2,208.0,400.0,26,Yes,El Alto,3970.0,Q3,0.07,9.9,0.215,72.7,4.9,Balanced,Spring,1644723.0
3,2,144.0,400.0,19,Yes,El Alto,4044.0,Q3,0.02,10.0,0.19,69.4,6.7,Balanced,Summer,809241.0
4,2,173.0,200.0,21,Yes,Zona Sur,3354.0,Q4,0.03,9.8,0.305,72.2,5.0,Balanced,Summer,1631131.0
3,2,291.0,200.0,27,Yes,Centro,3680.0,Q3,0.36,8.9,0.083,67.2,7.3,Balanced,Summer,1406347.0
3,1,224.0,200.0,32,No,Centro,3688.0,Q4,0.39,8.9,0.131,63.3,8.2,Buyer's,Winter,1534812.0
2,3,180.0,200.0,17,Yes,Centro,3694.0,Q3,0.17,6.3,0.43,47.7,4.3,Balanced,Spring,882729.0
2,4,168.0,400.0,18,Yes,Zona Sur,3281.0,Q3,0.4,8.3,0.469,61.5,4.9,Seller's,Summer,1120372.0
4,2,184.0,522.0,20,Yes,Obrajes,3514.0,Q1,0.31,6.6,0.525,66.0,6.8,Buyer's,Spring,785922.0
2,1,154.0,546.0,20,No,El Alto,4037.0,Q1,0.01,4.1,0.239,74.6,6.5,Balanced,Autumn,949921.0
3,1,96.0,710.0,21,No,Centro,3670.0,Q4,0.57,6.8,0.233,66.9,6.8,Buyer's,Autumn,402796.0
1,2,332.0,200.0,17,Yes,El Alto,4099.0,Q3,0.02,6.3,0.362,72.4,5.4,Seller's,Summer,731558.0
2,1,189.0,300.0,13,Yes,Achumani,3303.0,Q4,0.11,7.9,0.309,49.7,8.0,Seller's,Spring,1169658.0
8,1,203.0,200.0,28,No,Zona Sur,3271.0,Q4,0.03,4.6,0.433,56.7,6.1,Seller's,Autumn,1323201.0
7,3,177.0,400.0,23,No,Miraflores,3528.0,Q3,0.08,7.1,0.299,64.3,4.8,Buyer's,Summer,1494102.0
2,4,144.0,400.0,17,No,Centro,3626.0,Q2,0.25,5.8,0.297,71.6,5.7,Buyer's,Spring,469557.0
2,4,170.0,400.0,22,No,El Alto,3867.0,Q2,0.14,6.4,0.129,58.5,4.8,Buyer's,Summer,470467.0
5,2,111.0,1558.0,29,No,Zona Sur,3342.0,Q4,0.03,7.2,0.089,59.2,7.6,Buyer's,Summer,3528882.0
6,2,356.0,400.0,16,Yes,Obrajes,3417.0,Q3,0.07,8.0,0.349,66.9,5.3,Balanced,Winter,2371848.0
6,1,124.0,300.0,21,Yes,Centro,3674.0,Q1,0.13,6.4,0.219,48.7,6.5,Seller's,Winter,1853254.0
1,3,132.0,437.0,13,No,Centro,3669.0,Q4,0.32,10.0,0.095,76.1,5.5,Balanced,Autumn,932572.0
6,2,158.0,200.0,19,No,Miraflores,3525.0,Q3,0.26,7.8,0.37,51.2,5.4,Seller's,Winter,1590898.0
4,5,265.0,916.0,23,Yes,Zona Sur,3251.0,Q3,0.1,3.6,0.594,40.8,4.1,Buyer's,Autumn,1317454.0
8,2,181.0,496.0,14,No,El Alto,3989.0,Q2,0.05,8.8,0.158,60.1,6.6,Seller's,Winter,1407861.0
4,3,124.0,1155.0,19,Yes,Obrajes,3552.0,Q3,0.27,8.7,0.249,77.0,7.3,Buyer's,Spring,1062722.0
4,1,262.0,300.0,23,Yes,Centro,3688.0,Q2,0.04,4.8,0.173,65.9,5.1,Seller's,Summer,1088038.0
4,2,224.0,200.0,22,No,Obrajes,3570.0,Q4,0.02,5.2,0.205,67.5,4.5,Buyer's,Autumn,1295818.0
5,1,212.0,300.0,14,Yes,Achumani,3493.0,Q2,0.11,3.6,0.236,60.4,6.8,Seller's,Summer,1374982.0
5,2,223.0,200.0,21,Yes,Centro,3658.0,Q1,0.64,2.9,0.18,58.5,4.4,Buyer's,Spring,690754.0
4,2,369.0,300.0,22,Yes,El Alto,4073.0,Q1,0.04,2.3,0.338,44.6,7.2,Balanced,Summer,764318.0
4,1,347.0,300.0,20,Yes,Centro,3681.0,Q3,0.02,10.0,0.055,37.4,5.1,Balanced,Summer,946270.0
4,3,146.0,300.0,25,Yes,El Alto,4068.0,Q4,0.07,8.8,0.328,62.0,4.9,Balanced,Spring,358869.0
3,3,293.0,200.0,17,Yes,Zona Sur,3202.0,Q4,0.03,10.0,0.18,73.1,6.2,Balanced,Summer,1231371.0
5,3,202.0,310.0,22,Yes,El Alto,4090.0,Q3,0.13,9.7,0.135,63.4,5.0,Seller's,Summer,2272589.0
2,2,209.0,770.0,14,No,Zona Sur,3295.0,Q2,0.14,7.7,0.184,66.2,5.3,Balanced,Winter,1383435.0
1,4,108.0,400.0,11,No,Achumani,3460.0,Q1,0.17,6.4,0.55,75.8,6.4,Seller's,Autumn,1394536.0
8,3,171.0,200.0,23,Yes,Achumani,3325.0,Q3,0.02,10.0,0.332,63.3,3.6,Buyer's,Winter,853519.0
2,2,141.0,265.0,20,No,Miraflores,3540.0,Q2,0.04,5.5,0.42,58.8,7.6,Balanced,Winter,771802.0
2,1,231.0,400.0,17,Yes,Miraflores,3527.0,Q4,0.17,10.0,0.125,51.8,6.0,Balanced,Summer,839544.0
2,4,248.0,703.0,14,Yes,Centro,3629.0,Q3,0.35,8.9,0.136,80.2,4.7,Seller's,Summer,878315.0
4,1,97.0,572.0,24,Yes,El Alto,3837.0,Q4,0.03,4.5,0.453,65.3,5.0,Balanced,Spring,2013012.0
2,2,179.0,200.0,12,No,Miraflores,3581.0,Q2,0.03,7.0,0.354,50.6,7.0,Balanced,Winter,1619713.0
4,2,252.0,264.0,24,No,El Alto,3803.0,Q1,0.02,5.5,0.175,48.3,6.6,Buyer's,Spring,1582445.0
7,1,170.0,200.0,22,Yes,Miraflores,3531.0,Q3,0.15,10.0,0.054,72.5,7.4,Buyer's,Autumn,1087071.0
2,1,224.0,300.0,12,Yes,Zona Sur,3235.0,Q3,0.2,6.2,0.3,49.6,5.3,Balanced,Summer,2906487.0
3,3,200.0,400.0,20,Yes,Zona Sur,3318.0,Q4,0.05,9.2,0.251,78.5,6.3,Balanced,Winter,3344893.0
4,1,199.0,200.0,33,Yes,Zona Sur,3251.0,Q4,0.11,4.0,0.206,32.4,6.4,Buyer's,Summer,1355398.0
4,1,166.0,801.0,25,Yes,El Alto,3878.0,Q1,0.37,3.7,0.213,74.2,6.7,Buyer's,Winter,328140.0
8,2,125.0,400.0,15,Yes,Obrajes,3498.0,Q3,0.44,3.8,0.523,64.9,7.1,Seller's,Spring,947454.0
6,3,129.0,200.0,23,No,Centro,3665.0,Q1,0.02,4.7,0.327,61.2,5.3,Buyer's,Spring,1033446.0
3,1,223.0,400.0,12,Yes,Centro,3612.0,Q3,0.03,9.6,0.183,58.2,5.9,Seller's,Summer,1660131.0
2,2,181.0,1058.0,13,No,Zona Sur,3235.0,Q3,0.01,4.9,0.205,78.9,5.4,Buyer's,Winter,2426077.0
8,1,173.0,662.0,19,No,El Alto,3874.0,Q1,0.61,4.7,0.637,67.1,5.9,Buyer's,Summer,445706.0
6,3,159.0,271.0,22,Yes,Zona Sur,3395.0,Q3,0.25,4.9,0.437,51.0,6.7,Balanced,Winter,1725896.0
4,2,164.0,300.0,24,No,El Alto,3919.0,Q1,0.26,2.7,0.305,42.8,4.3,Balanced,Autumn,290563.0
3,1,246.0,400.0,24,No,Obrajes,3520.0,Q3,0.01,7.2,0.342,61.8,7.1,Balanced,Autumn,1210491.0
4,3,163.0,200.0,22,Yes,Zona Sur,3248.0,Q2,0.08,3.2,0.546,60.0,4.9,Balanced,Summer,1971404.0
3,2,120.0,300.0,11,Yes,El Alto,3947.0,Q2,0.08,6.4,0.6,44.8,5.7,Buyer's,Summer,980887.0
5,3,225.0,200.0,19,No,Zona Sur,3215.0,Q4,0.08,4.2,0.44,59.4,7.2,Balanced,Spring,2590277.0
4,3,169.0,400.0,24,Yes,Centro,3603.0,Q3,0.05,4.1,0.235,54.3,6.3,Balanced,Winter,1189257.0
4,2,182.0,400.0,22,Yes,Zona Sur,3294.0,Q4,0.01,8.9,0.26,60.1,6.3,Balanced,Winter,2430633.0
7,1,292.0,421.0,20,Yes,Centro,3640.0,Q2,0.31,6.4,0.649,67.3,4.8,Seller's,Autumn,1638351.0
2,1,179.0,400.0,21,No,Zona Sur,3227.0,Q4,0.04,4.2,0.409,74.9,5.0,Seller's,Spring,909464.0
5,2,196.0,400.0,21,No,Centro,3669.0,Q4,0.06,9.1,0.092,69.1,6.9,Balanced,Spring,691776.0
3,1,126.0,300.0,10,No,Centro,3699.0,Q2,0.03,8.0,0.459,52.8,5.4,Seller's,Winter,1086757.0
3,4,169.0,452.0,25,Yes,Miraflores,3540.0,Q3,0.26,8.9,0.252,63.7,5.5,Seller's,Spring,1375666.0
4,1,216.0,556.0,19,Yes,El Alto,3987.0,Q1,0.25,2.7,0.401,60.6,7.0,Balanced,Winter,1116261.0
4,1,113.0,1337.0,23,Yes,Obrajes,3593.0,Q3,0.37,7.9,0.115,46.7,5.0,Buyer's,Summer,993092.0
2,3,191.0,200.0,8,No,Centro,3683.0,Q3,0.11,8.5,0.323,64.0,6.3,Seller's,Summer,1324839.0
4,1,186.0,914.0,28,Yes,Zona Sur,3293.0,Q3,0.45,3.6,0.266,78.6,6.0,Buyer's,Winter,976956.0
3,2,182.0,200.0,14,Yes,Miraflores,3574.0,Q2,0.53,8.1,0.32,60.3,6.0,Buyer's,Spring,966722.0
5,2,246.0,300.0,32,Yes,Achumani,3326.0,Q2,0.21,8.4,0.175,44.1,5.5,Balanced,Summer,2345036.0
7,2,199.0,2000.0,30,Yes,El Alto,3954.0,Q1,0.81,6.3,0.24,60.3,5.4,Seller's,Winter,1328319.0
6,1,280.0,300.0,13,No,Centro,3628.0,Q2,0.09,7.9,0.248,47.9,4.9,Seller's,Autumn,4127870.0
6,2,134.0,200.0,24,No,Zona Sur,3232.0,Q4,0.05,10.0,0.315,68.6,6.5,Balanced,Autumn,2196309.0
4,1,187.0,300.0,14,No,Centro,3643.0,Q3,0.01,8.2,0.396,65.2,5.3,Seller's,Autumn,1747510.0
4,1,185.0,200.0,16,Yes,Miraflores,3513.0,Q3,0.14,8.5,0.278,58.3,7.0,Buyer's,Spring,2783110.0
1,1,131.0,613.0,16,No,Obrajes,3540.0,Q3,0.2,9.5,0.508,56.7,5.8,Buyer's,Spring,1085547.0
4,2,240.0,400.0,22,No,Achumani,3391.0,Q4,0.15,9.9,0.406,57.9,4.9,Balanced,Summer,2542479.0
5,1,362.0,200.0,21,Yes,Zona Sur,3306.0,Q4,0.02,6.9,0.224,60.1,5.8,Seller's,Summer,1664316.0
7,2,179.0,300.0,13,No,Centro,3615.0,Q2,0.14,5.1,0.248,52.3,5.6,Balanced,Summer,1305508.0
3,4,209.0,200.0,22,Yes,Miraflores,3514.0,Q4,0.02,10.0,0.148,46.1,7.0,Buyer's,Autumn,2099196.0
2,2,185.0,200.0,18,No,Centro,3658.0,Q3,0.17,3.4,0.217,71.4,5.6,Buyer's,Spring,495581.0
3,4,145.0,200.0,10,No,Achumani,3497.0,Q4,0.02,10.0,0.225,56.1,5.7,Buyer's,Autumn,1425615.0
3,1,104.0,400.0,17,No,Centro,3610.0,Q1,0.7,6.8,0.453,61.7,7.4,Balanced,Spring,400850.0
2,4,146.0,200.0,28,Yes,Miraflores,3529.0,Q3,0.04,8.7,0.143,62.9,6.5,Buyer's,Spring,2555590.0
3,2,119.0,436.0,17,Yes,Miraflores,3587.0,Q4,0.03,10.0,0.277,63.2,7.7,Seller's,Summer,2823413.0
6,1,300.0,200.0,10,Yes,Achumani,3314.0,Q3,0.3,8.6,0.233,48.3,7.3,Balanced,Winter,2048655.0
7,2,174.0,400.0,24,Yes,El Alto,4063.0,Q2,0.15,2.9,0.322,43.2,5.1,Balanced,Spring,1080416.0
5,2,162.0,200.0,15,No,Centro,3652.0,Q3,0.0,9.7,0.324,54.1,7.0,Buyer's,Summer,1730006.0
3,2,235.0,200.0,21,No,Miraflores,3541.0,Q4,0.07,6.5,0.254,64.0,7.5,Buyer's,Autumn,2096239.0
6,1,129.0,1024.0,19,No,Miraflores,3531.0,Q2,0.02,5.5,0.186,52.7,7.5,Balanced,Spring,1295282.0
5,1,143.0,319.0,28,Yes,Obrajes,3459.0,Q3,0.68,5.7,0.637,56.5,7.0,Seller's,Summer,1569780.0
4,1,184.0,200.0,19,No,Centro,3631.0,Q1,0.27,3.4,0.261,81.3,7.0,Balanced,Winter,1131500.0
5,1,245.0,646.0,14,No,Centro,3688.0,Q3,0.05,6.6,0.658,41.5,5.7,Seller's,Summer,3058273.0
1,1,209.0,200.0,17,No,Centro,3672.0,Q3,0.13,6.2,0.339,52.4,5.2,Seller's,Spring,458021.0
3,2,194.0,200.0,13,Yes,El Alto,4001.0,Q1,0.02,5.2,0.201,79.0,5.6,Buyer's,Autumn,435964.0
3,2,184.0,300.0,18,Yes,Miraflores,3580.0,Q3,0.26,9.6,0.216,59.6,4.3,Buyer's,Summer,856189.0
4,4,203.0,400.0,28,Yes,Zona Sur,3251.0,Q4,0.26,6.6,0.105,52.9,7.3,Balanced,Spring,1697779.0
6,1,191.0,200.0,26,No,El Alto,3985.0,Q1,0.62,3.1,0.367,71.7,5.7,Balanced,Spring,221856.0
4,2,132.0,248.0,30,No,El Alto,3938.0,Q1,0.13,5.4,0.047,60.6,7.3,Buyer's,Spring,273561.0
6,1,183.0,200.0,22,No,El Alto,4035.0,Q1,0.12,5.4,0.329,56.5,4.8,Balanced,Spring,2281632.0
3,1,130.0,270.0,20,Yes,Achumani,3362.0,Q3,0.01,10.0,0.146,61.9,7.1,Balanced,Spring,2096907.0
5,1,184.0,508.0,15,Yes,Centro,3664.0,Q2,0.25,2.8,0.298,53.4,5.5,Seller's,Summer,1286383.0
6,1,156.0,200.0,21,No,Zona Sur,3376.0,Q4,0.08,10.0,0.298,49.8,4.7,Buyer's,Summer,2501980.0
3,2,386.0,200.0,19,No,Obrajes,3480.0,Q4,0.06,8.6,0.155,58.9,7.6,Buyer's,Winter,1491266.0
2,2,178.0,400.0,23,No,Centro,3607.0,Q3,0.38,8.1,0.198,49.9,7.1,Balanced,Autumn,1242854.0
1,1,118.0,305.0,14,No,El Alto,3955.0,Q1,0.06,2.5,0.482,60.1,6.2,Balanced,Winter,431690.0
5,2,173.0,400.0,20,Yes,El Alto,3904.0,Q3,0.0,6.6,0.504,63.5,6.0,Balanced,Summer,1137558.0
4,3,210.0,400.0,12,No,Centro,3667.0,Q3,0.01,5.1,0.28,68.5,6.4,Seller's,Spring,1650179.0
5,2,297.0,300.0,21,No,Miraflores,3595.0,Q1,0.08,3.3,0.388,71.3,6.2,Seller's,Summer,938644.0
2,2,151.0,300.0,23,Yes,El Alto,3946.0,Q3,0.01,7.2,0.582,55.9,5.2,Balanced,Winter,1262418.0
2,2,112.0,300.0,11,Yes,Achumani,3393.0,Q2,0.17,7.8,0.27,65.0,5.6,Buyer's,Spring,1039868.0
3,4,230.0,200.0,13,Yes,El Alto,3996.0,Q2,0.09,7.4,0.115,64.9,8.0,Balanced,Spring,1348095.0
3,3,119.0,400.0,13,Yes,Centro,3610.0,Q2,0.05,6.4,0.513,63.3,8.7,Balanced,Summer,1300906.0
2,1,158.0,400.0,19,No,Zona Sur,3251.0,Q4,0.14,8.8,0.122,55.2,7.6,Seller's,Summer,3421433.0
3,1,167.0,300.0,13,Yes,Zona Sur,3384.0,Q4,0.02,7.8,0.132,49.7,6.5,Seller's,Summer,1388640.0
6,2,176.0,200.0,26,Yes,Miraflores,3567.0,Q3,0.19,10.0,0.39,65.0,5.7,Balanced,Spring,1190525.0
3,2,221.0,200.0,22,Yes,Miraflores,3501.0,Q1,0.13,4.8,0.135,42.9,5.2,Balanced,Spring,886922.0
4,2,147.0,200.0,22,Yes,Obrajes,3441.0,Q4,0.07,6.2,0.067,57.3,5.3,Buyer's,Autumn,1163320.0
5,1,166.0,300.0,12,Yes,El Alto,4005.0,Q3,0.43,5.1,0.22,34.5,5.4,Buyer's,Summer,1249445.0
3,3,179.0,200.0,26,No,El Alto,4029.0,Q2,0.01,6.6,0.111,46.6,8.2,Buyer's,Autumn,1215702.0
3,2,188.0,200.0,23,Yes,Centro,3684.0,Q2,0.17,6.0,0.425,51.2,7.8,Buyer's,Summer,405652.0
3,2,185.0,200.0,16,Yes,Zona Sur,3258.0,Q2,0.46,2.7,0.342,71.0,6.7,Balanced,Summer,1119833.0
6,2,205.0,400.0,12,Yes,Obrajes,3586.0,Q4,0.09,10.0,0.56,66.9,5.0,Balanced,Spring,640310.0
4,1,232.0,300.0,19,Yes,Centro,3655.0,Q1,0.1,5.6,0.349,54.5,6.9,Balanced,Summer,1799320.0
3,1,203.0,400.0,17,Yes,Zona Sur,3339.0,Q2,0.12,6.9,0.274,67.3,5.8,Balanced,Spring,2869646.0
5,3,206.0,295.0,17,Yes,Centro,3660.0,Q3,0.18,3.8,0.66,68.9,3.8,Balanced,Summer,1321311.0
8,1,112.0,844.0,16,No,Achumani,3325.0,Q2,0.53,5.0,0.249,58.4,6.3,Balanced,Summer,1447800.0
2,1,183.0,312.0,23,No,Achumani,3493.0,Q1,0.01,6.7,0.081,46.2,5.2,Buyer's,Spring,1275613.0
8,3,208.0,332.0,6,Yes,Zona Sur,3225.0,Q4,0.01,10.0,0.402,57.9,5.2,Seller's,Spring,2774271.0
4,2,224.0,200.0,27,Yes,Achumani,3351.0,Q2,0.09,4.5,0.241,59.0,5.7,Buyer's,Spring,1600493.0
2,3,146.0,200.0,24,No,Miraflores,3581.0,Q2,0.06,3.7,0.291,47.7,5.5,Seller's,Spring,1111128.0
3,1,148.0,200.0,21,No,Zona Sur,3324.0,Q2,0.07,5.5,0.149,63.7,6.0,Balanced,Summer,2291120.0
2,2,152.0,300.0,19,Yes,Achumani,3468.0,Q2,0.06,4.9,0.184,62.8,5.9,Balanced,Winter,1107235.0
5,1,211.0,400.0,25,No,Achumani,3403.0,Q4,0.02,10.0,0.245,64.5,4.1,Buyer's,Summer,1305505.0
4,6,245.0,308.0,19,No,El Alto,3913.0,Q3,0.02,10.0,0.098,62.8,7.5,Buyer's,Summer,513931.0
3,1,159.0,200.0,18,No,El Alto,4077.0,Q1,0.82,3.9,0.197,67.3,5.0,Balanced,Autumn,184286.0
2,1,236.0,200.0,25,Yes,Achumani,3307.0,Q3,0.02,3.8,0.267,58.2,5.0,Seller's,Autumn,2239439.0
3,2,187.0,400.0,30,Yes,El Alto,4057.0,Q1,0.07,6.5,0.412,62.0,5.7,Buyer's,Winter,554646.0
4,1,173.0,300.0,15,Yes,Achumani,3346.0,Q1,0.08,2.3,0.107,56.0,5.9,Balanced,Winter,1412983.0
4,3,169.0,400.0,22,No,El Alto,4055.0,Q1,0.81,6.8,0.185,54.2,7.5,Buyer's,Autumn,847086.0
2,1,225.0,593.0,14,No,Obrajes,3428.0,Q3,0.23,8.4,0.124,73.4,6.3,Balanced,Winter,780289.0
8,1,198.0,200.0,22,Yes,Obrajes,3516.0,Q4,0.16,10.0,0.274,39.6,6.6,Seller's,Spring,1830084.0
3,1,356.0,354.0,16,No,Zona Sur,3378.0,Q4,0.01,5.7,0.182,68.8,6.3,Seller's,Autumn,1912873.0
4,1,139.0,400.0,26,No,Achumani,3395.0,Q3,0.29,3.6,0.115,53.8,6.2,Balanced,Winter,1042694.0
5,3,210.0,601.0,19,No,Centro,3675.0,Q1,0.16,4.5,0.355,52.5,6.3,Buyer's,Autumn,2215288.0
4,1,154.0,300.0,20,No,Centro,3680.0,Q3,0.05,6.8,0.392,62.6,4.1,Buyer's,Winter,1993714.0
7,2,139.0,200.0,28,No,El Alto,4021.0,Q1,0.26,3.7,0.265,45.1,5.8,Seller's,Spring,1109237.0
6,3,179.0,400.0,16,Yes,Zona Sur,3385.0,Q4,0.17,10.0,0.837,51.8,7.2,Buyer's,Summer,4481032.0
3,1,188.0,990.0,23,No,Centro,3645.0,Q3,0.24,9.6,0.322,51.5,9.0,Seller's,Winter,1115528.0
2,2,432.0,486.0,16,No,Achumani,3335.0,Q4,0.22,9.9,0.121,57.8,4.8,Balanced,Summer,1916985.0
6,2,170.0,200.0,25,Yes,Miraflores,3505.0,Q4,0.26,5.4,0.38,52.0,6.4,Seller's,Autumn,1304834.0
4,2,128.0,200.0,28,Yes,Centro,3625.0,Q4,0.03,10.0,0.266,76.0,5.4,Balanced,Spring,627399.0
6,1,195.0,382.0,18,No,Obrajes,3429.0,Q3,0.09,8.9,0.285,78.0,8.0,Balanced,Autumn,2293215.0
2,2,97.0,400.0,9,Yes,Centro,3656.0,Q3,0.0,6.6,0.489,39.8,4.6,Balanced,Winter,1301850.0
4,2,175.0,200.0,16,No,Centro,3618.0,Q2,0.51,8.5,0.163,65.4,6.6,Seller's,Summer,1151401.0
4,1,181.0,400.0,32,Yes,Centro,3604.0,Q4,0.02,5.4,0.065,68.6,4.6,Seller's,Spring,1218511.0
4,1,228.0,200.0,17,Yes,Centro,3604.0,Q2,0.47,4.4,0.171,65.4,5.7,Seller's,Spring,572678.0
3,1,241.0,683.0,28,Yes,El Alto,4049.0,Q1,0.12,2.4,0.287,53.4,6.0,Seller's,Winter,463555.0
2,2,155.0,756.0,16,Yes,Achumani,3418.0,Q3,0.07,9.4,0.132,57.6,7.1,Balanced,Autumn,1571446.0
5,2,172.0,200.0,16,No,Centro,3636.0,Q1,0.01,5.1,0.39,52.5,4.9,Seller's,Spring,1259367.0
2,1,143.0,200.0,23,Yes,Achumani,3479.0,Q3,0.06,5.7,0.361,55.8,6.7,Seller's,Spring,1342742.0
8,2,128.0,160.0,23,Yes,Centro,3607.0,Q3,0.35,4.6,0.139,47.9,6.0,Balanced,Winter,986488.0
3,2,198.0,400.0,24,Yes,Miraflores,3598.0,Q2,0.01,3.0,0.262,58.9,6.3,Balanced,Winter,868658.0
4,3,123.0,415.0,20,Yes,El Alto,3985.0,Q1,0.16,2.9,0.669,45.0,7.0,Balanced,Spring,515019.0
4,2,159.0,300.0,25,Yes,El Alto,3855.0,Q3,0.01,6.8,0.421,58.0,4.7,Balanced,Summer,483212.0
7,1,134.0,200.0,24,No,El Alto,4004.0,Q2,0.11,4.3,0.233,47.5,6.8,Seller's,Autumn,828256.0
3,1,212.0,405.0,25,Yes,Zona Sur,3353.0,Q4,0.02,6.3,0.335,62.1,5.4,Balanced,Summer,2357730.0
2,2,309.0,200.0,16,Yes,Zona Sur,3286.0,Q3,0.05,10.0,0.177,53.2,7.1,Buyer's,Winter,880163.0
6,2,122.0,200.0,25,Yes,Miraflores,3586.0,Q3,0.34,7.3,0.199,62.9,6.3,Balanced,Summer,1337573.0
3,1,103.0,300.0,17,Yes,Miraflores,3515.0,Q3,0.09,8.9,0.802,70.8,5.8,Buyer's,Autumn,1173492.0
7,5,173.0,300.0,19,Yes,El Alto,3884.0,Q1,0.1,2.3,0.068,75.9,5.4,Balanced,Summer,457378.0
4,1,181.0,400.0,19,Yes,Zona Sur,3219.0,Q2,0.21,5.0,0.35,34.7,6.8,Seller's,Winter,3016448.0
5,2,192.0,610.0,15,No,El Alto,3863.0,Q1,0.05,4.4,0.327,51.7,7.3,Balanced,Summer,819832.0
3,3,157.0,1143.0,11,No,Miraflores,3524.0,Q2,0.07,3.9,0.307,57.0,5.5,Seller's,Spring,1430506.0
1,1,169.0,400.0,56,No,Miraflores,3592.0,Q4,0.08,5.0,0.301,64.6,4.9,Buyer's,Summer,853172.0
4,3,201.0,300.0,46,Yes,Centro,3608.0,Q1,0.08,6.4,0.541,43.5,6.7,Seller's,Winter,608025.0
6,1,246.0,400.0,48,Yes,Miraflores,3543.0,Q3,0.18,10.0,0.212,50.2,4.6,Balanced,Summer,2596102.0
4,4,100.0,200.0,46,Yes,Achumani,3406.0,Q3,0.11,3.9,0.335,61.3,4.7,Buyer's,Summer,728635.0
3,1,161.0,400.0,48,No,Zona Sur,3380.0,Q3,0.24,6.0,0.016,60.8,4.9,Balanced,Summer,1172118.0
4,3,192.0,741.0,47,No,Centro,3700.0,Q3,0.47,10.0,0.142,63.8,5.6,Seller's,Spring,1372282.0
4,4,137.0,200.0,56,Yes,Achumani,3451.0,Q2,0.03,3.2,0.302,64.4,4.7,Buyer's,Spring,2059514.0
3,3,303.0,272.0,47,Yes,El Alto,4091.0,Q2,0.1,6.8,0.125,63.4,4.1,Balanced,Spring,505501.0
3,1,149.0,300.0,58,No,Miraflores,3579.0,Q2,0.09,8.8,0.35,61.9,4.9,Seller's,Autumn,1129208.0
4,2,178.0,200.0,55,No,Centro,3696.0,Q3,0.03,10.0,0.358,60.6,6.6,Buyer's,Autumn,1919074.0
3,2,213.0,200.0,47,No,El Alto,4012.0,Q2,0.4,5.7,0.34,66.6,4.7,Balanced,Winter,675069.0
2,1,151.0,400.0,51,No,Obrajes,3416.0,Q4,0.14,5.4,0.242,37.6,5.7,Balanced,Winter,1223969.0
3,2,103.0,300.0,52,No,Achumani,3380.0,Q4,0.07,5.7,0.227,75.4,7.9,Balanced,Summer,622464.0
5,3,158.0,253.0,54,Yes,Miraflores,3565.0,Q3,0.12,10.0,0.055,38.0,6.0,Balanced,Autumn,1151488.0
5,1,245.0,400.0,54,No,Obrajes,3470.0,Q3,0.01,10.0,0.294,49.2,6.3,Buyer's,Spring,1541924.0
5,2,163.0,1221.0,50,No,Zona Sur,3255.0,Q4,0.08,9.4,0.367,57.7,5.1,Seller's,Spring,1590489.0
4,1,140.0,400.0,45,No,Zona Sur,3315.0,Q4,0.16,10.0,0.301,66.7,8.2,Buyer's,Spring,817962.0
4,4,238.0,310.0,53,Yes,Achumani,3487.0,Q4,0.09,10.0,0.339,30.0,5.5,Balanced,Summer,1458122.0
2,3,163.0,400.0,48,Yes,Zona Sur,3207.0,Q2,0.07,6.9,0.057,59.7,5.8,Balanced,Spring,2355355.0
5,2,154.0,540.0,36,Yes,Zona Sur,3354.0,Q3,0.18,9.7,0.42,67.9,7.3,Balanced,Spring,2053077.0
3,2,188.0,200.0,51,Yes,Miraflores,3572.0,Q3,0.07,8.6,0.161,69.9,5.8,Balanced,Autumn,2099727.0
3,1,227.0,558.0,46,No,Centro,3696.0,Q2,0.19,6.1,0.217,53.0,6.0,Seller's,Summer,1186431.0
3,1,368.0,815.0,47,Yes,El Alto,4079.0,Q1,0.2,3.3,0.504,57.0,5.7,Seller's,Summer,593267.0
7,1,231.0,200.0,50,Yes,El Alto,4029.0,Q1,0.14,5.7,0.321,53.8,5.7,Seller's,Summer,1760228.0
2,2,255.0,200.0,42,No,Miraflores,3552.0,Q3,0.2,6.9,0.608,56.1,6.4,Balanced,Spring,1416365.0
3,3,155.0,200.0,50,Yes,Centro,3620.0,Q4,0.22,6.6,0.207,49.7,6.6,Seller's,Spring,1507321.0
3,1,132.0,437.0,48,Yes,Obrajes,3509.0,Q3,0.0,9.5,0.296,51.1,5.4,Seller's,Spring,998363.0
3,3,183.0,400.0,45,Yes,Achumani,3453.0,Q2,0.65,7.1,0.317,64.3,5.2,Balanced,Spring,1481453.0
6,4,186.0,400.0,50,No,Miraflores,3590.0,Q2,0.17,8.6,0.222,61.3,5.4,Buyer's,Autumn,1975933.0
4,2,130.0,200.0,41,Yes,Obrajes,3558.0,Q1,0.36,2.9,0.101,64.9,4.6,Buyer's,Autumn,821170.0
2,2,171.0,300.0,50,No,El Alto,3859.0,Q2,0.46,6.8,0.161,62.1,4.4,Balanced,Summer,376838.0
4,1,203.0,602.0,52,Yes,Zona Sur,3320.0,Q4,0.06,6.1,0.069,67.0,6.3,Seller's,Summer,1766572.0
6,3,201.0,200.0,51,No,Zona Sur,3266.0,Q3,0.29,10.0,0.178,68.8,6.9,Balanced,Winter,2239449.0
5,3,209.0,400.0,53,Yes,Zona Sur,3202.0,Q4,0.02,4.8,0.18,42.6,6.9,Balanced,Spring,1945214.0
5,2,196.0,179.0,55,Yes,El Alto,3860.0,Q2,0.04,6.8,0.362,51.5,3.6,Buyer's,Spring,1053260.0
6,3,155.0,200.0,49,Yes,Zona Sur,3223.0,Q3,0.17,9.4,0.662,57.7,5.8,Buyer's,Summer,2974501.0
3,2,154.0,200.0,55,Yes,Centro,3684.0,Q2,0.49,4.9,0.335,59.8,4.9,Balanced,Autumn,530702.0
4,3,126.0,300.0,49,Yes,Zona Sur,3252.0,Q4,0.22,10.0,0.112,53.3,6.1,Seller's,Summer,1094871.0
3,1,307.0,300.0,46,Yes,Obrajes,3457.0,Q3,0.17,9.9,0.51,69.1,5.6,Balanced,Autumn,1425163.0
9,1,181.0,400.0,48,Yes,Miraflores,3596.0,Q3,0.12,5.6,0.312,79.8,6.6,Seller's,Spring,1362218.0
4,1,168.0,1312.0,51,Yes,Obrajes,3476.0,Q3,0.06,3.4,0.048,61.9,6.0,Buyer's,Summer,1381411.0
5,1,136.0,300.0,55,Yes,Obrajes,3402.0,Q4,0.39,6.6,0.836,60.8,4.1,Balanced,Spring,866935.0
6,3,434.0,400.0,50,Yes,Zona Sur,3257.0,Q4,0.04,6.5,0.328,68.5,5.0,Balanced,Autumn,3209655.0
5,3,130.0,300.0,46,No,Centro,3612.0,Q3,0.22,10.0,0.351,41.3,6.0,Seller's,Winter,2090107.0
4,3,158.0,200.0,57,No,Zona Sur,3221.0,Q4,0.08,10.0,0.119,60.3,6.1,Buyer's,Spring,1634667.0
4,1,204.0,396.0,42,Yes,Obrajes,3415.0,Q4,0.09,4.5,0.312,69.8,4.6,Buyer's,Spring,1205057.0
2,2,216.0,400.0,46,Yes,Centro,3659.0,Q3,0.08,6.9,0.402,53.6,4.5,Buyer's,Spring,703004.0
5,1,240.0,200.0,54,No,Zona Sur,3238.0,Q3,0.54,7.5,0.375,47.7,6.1,Seller's,Spring,1365156.0
5,2,310.0,300.0,58,Yes,Zona Sur,3272.0,Q3,0.14,4.0,0.156,58.1,4.6,Buyer's,Summer,1319603.0
4,2,210.0,200.0,52,No,Centro,3686.0,Q3,0.44,6.2,0.262,59.4,4.3,Buyer's,Summer,1475693.0
3,2,131.0,200.0,51,Yes,Obrajes,3485.0,Q3,0.0,5.7,0.392,50.9,5.6,Balanced,Winter,1094012.0
6,5,167.0,300.0,48,No,El Alto,4075.0,Q1,0.26,4.7,0.269,81.0,5.5,Balanced,Summer,355364.0
2,1,197.0,300.0,52,Yes,Achumani,3400.0,Q1,0.38,5.3,0.312,55.2,5.1,Seller's,Spring,1266569.0
8,3,335.0,908.0,50,No,Centro,3640.0,Q3,0.22,8.7,0.064,48.5,5.3,Seller's,Spring,2356879.0
4,2,118.0,400.0,46,Yes,Zona Sur,3350.0,Q3,0.38,4.4,0.103,59.1,6.0,Balanced,Spring,1138088.0
5,1,258.0,385.0,48,No,Obrajes,3415.0,Q3,0.0,9.6,0.269,69.1,5.3,Seller's,Spring,3594579.0
3,2,190.0,934.0,45,Yes,Zona Sur,3218.0,Q4,0.0,10.0,0.093,60.2,6.1,Seller's,Autumn,2444871.0
1,2,231.0,200.0,50,Yes,Obrajes,3530.0,Q3,0.1,10.0,0.458,64.9,5.6,Buyer's,Spring,780159.0
5,1,175.0,200.0,50,No,Centro,3649.0,Q1,0.01,4.3,0.166,51.3,6.2,Seller's,Winter,892658.0
4,2,140.0,400.0,58,Yes,Zona Sur,3358.0,Q3,0.59,10.0,0.198,74.9,6.9,Balanced,Summer,1142433.0
5,2,225.0,400.0,47,No,El Alto,4075.0,Q1,0.08,6.3,0.285,65.6,6.8,Balanced,Summer,456541.0
4,2,219.0,540.0,49,Yes,Obrajes,3478.0,Q2,0.15,5.5,0.207,70.5,7.3,Balanced,Summer,1170751.0
2,4,241.0,300.0,56,No,Obrajes,3519.0,Q3,0.01,6.2,0.169,63.7,6.8,Balanced,Autumn,553164.0
1,2,179.0,200.0,59,Yes,Zona Sur,3300.0,Q4,0.07,10.0,0.466,68.2,6.2,Buyer's,Summer,2191793.0
4,2,150.0,200.0,52,No,Zona Sur,3396.0,Q3,0.08,8.8,0.346,51.3,5.6,Seller's,Summer,2890888.0
3,2,113.0,200.0,48,No,El Alto,4049.0,Q1,0.01,6.6,0.571,55.1,5.6,Seller's,Spring,1021489.0
7,3,230.0,400.0,47,Yes,El Alto,4074.0,Q1,0.12,6.0,0.748,73.5,5.1,Seller's,Winter,666545.0
3,1,204.0,1043.0,40,No,El Alto,3876.0,Q4,0.05,9.4,0.324,75.6,6.0,Buyer's,Spring,676336.0
5,3,135.0,400.0,45,No,Zona Sur,3355.0,Q4,0.46,5.0,0.424,48.5,6.7,Seller's,Summer,1201078.0
4,1,153.0,372.0,50,Yes,Obrajes,3453.0,Q4,0.02,6.6,0.24,62.5,5.3,Buyer's,Summer,805366.0
8,2,156.0,400.0,49,No,El Alto,3863.0,Q3,0.13,10.0,0.377,55.7,6.0,Balanced,Spring,985949.0
6,1,115.0,300.0,53,Yes,Achumani,3489.0,Q3,0.7,5.8,0.443,53.0,5.3,Buyer's,Spring,1232396.0
5,1,141.0,400.0,49,No,Centro,3602.0,Q3,0.25,4.0,0.155,62.8,6.2,Buyer's,Spring,842914.0
2,2,128.0,200.0,46,Yes,Centro,3697.0,Q1,1.5,5.6,0.148,71.4,5.5,Balanced,Autumn,234558.0
7,1,159.0,400.0,51,Yes,Obrajes,3430.0,Q3,0.55,9.0,0.082,64.5,5.3,Balanced,Summer,1678698.0
2,3,144.0,346.0,62,Yes,El Alto,4046.0,Q1,0.2,3.5,0.295,56.8,5.3,Seller's,Autumn,716607.0
3,2,110.0,440.0,48,Yes,Achumani,3355.0,Q4,0.12,6.6,0.183,65.1,6.5,Seller's,Autumn,622798.0
2,1,330.0,400.0,50,No,Obrajes,3470.0,Q1,0.04,4.4,0.421,56.4,5.9,Seller's,Spring,1256263.0
4,1,262.0,200.0,54,No,El Alto,3865.0,Q2,0.14,2.8,0.684,64.1,5.6,Balanced,Summer,517672.0
3,2,142.0,200.0,47,Yes,Centro,3659.0,Q1,0.5,6.0,0.274,74.0,6.3,Seller's,Autumn,563067.0
2,1,195.0,532.0,56,Yes,Zona Sur,3270.0,Q4,0.07,6.8,0.059,39.2,5.6,Seller's,Autumn,1073678.0
1,3,204.0,200.0,42,No,Zona Sur,3331.0,Q3,0.19,9.9,0.452,68.0,7.1,Balanced,Autumn,1191817.0
2,2,257.0,690.0,47,Yes,Miraflores,3502.0,Q3,0.22,9.5,0.245,44.6,5.0,Seller's,Autumn,1936424.0
2,2,141.0,200.0,48,Yes,Zona Sur,3213.0,Q4,0.03,9.9,0.197,72.3,5.8,Balanced,Spring,1529951.0
6,2,250.0,400.0,50,Yes,Miraflores,3510.0,Q2,0.5,4.7,0.176,53.6,4.6,Balanced,Autumn,1562991.0
3,1,153.0,492.0,40,Yes,Miraflores,3542.0,Q3,0.1,7.3,0.071,47.8,5.7,Balanced,Spring,629304.0
7,1,121.0,300.0,56,Yes,Centro,3681.0,Q4,0.02,7.9,0.451,67.0,4.3,Balanced,Summer,1493786.0
3,1,224.0,200.0,52,No,Centro,3689.0,Q1,0.6,3.8,0.558,63.6,6.7,Seller's,Spring,1225649.0
6,1,265.0,400.0,55,Yes,Zona Sur,3249.0,Q4,0.05,10.0,0.344,50.0,6.8,Balanced,Winter,4059089.0
3,6,391.0,300.0,58,No,Zona Sur,3315.0,Q4,0.14,8.3,0.359,47.5,6.8,Balanced,Summer,1043390.0
2,1,126.0,400.0,46,Yes,El Alto,4031.0,Q3,0.13,9.7,0.068,58.1,6.0,Seller's,Autumn,566081.0
2,2,222.0,300.0,37,Yes,Centro,3629.0,Q2,0.12,3.4,0.095,48.0,5.1,Seller's,Autumn,1280028.0
3,2,159.0,530.0,55,No,Centro,3641.0,Q2,0.4,3.6,0.378,49.4,5.2,Buyer's,Winter,588005.0
4,1,228.0,200.0,48,Yes,El Alto,3957.0,Q3,0.14,10.0,0.1,61.2,7.5,Buyer's,Autumn,489616.0
3,1,116.0,441.0,44,Yes,Achumani,3327.0,Q3,0.08,7.8,0.432,50.3,7.4,Balanced,Spring,744020.0
2,2,123.0,400.0,52,No,Centro,3603.0,Q3,0.02,7.2,0.505,64.3,6.1,Balanced,Winter,632061.0
6,3,143.0,400.0,62,Yes,El Alto,3846.0,Q1,0.68,4.7,0.49,74.9,5.5,Buyer's,Autumn,193905.0
6,2,184.0,200.0,49,No,Obrajes,3525.0,Q2,0.01,4.1,0.231,58.5,7.4,Balanced,Autumn,1350829.0
3,1,149.0,200.0,54,Yes,Achumani,3315.0,Q3,0.32,8.8,0.472,61.3,5.3,Seller's,Winter,1878904.0
2,3,219.0,300.0,45,No,Centro,3619.0,Q3,0.07,4.0,0.516,80.2,6.2,Seller's,Spring,521901.0
4,1,245.0,805.0,41,Yes,El Alto,3901.0,Q2,0.24,6.3,0.23,48.1,7.4,Balanced,Spring,841029.0
1,1,215.0,400.0,54,Yes,Zona Sur,3216.0,Q2,0.61,6.3,0.095,71.9,5.2,Balanced,Summer,1036179.0
3,2,293.0,400.0,52,No,El Alto,3858.0,Q1,0.05,6.6,0.472,70.7,6.8,Balanced,Autumn,627953.0
7,2,204.0,200.0,47,No,Obrajes,3582.0,Q3,0.13,7.4,0.187,68.5,6.5,Buyer's,Summer,783190.0
8,3,125.0,363.0,58,Yes,Centro,3602.0,Q2,0.35,3.6,0.227,72.9,6.0,Balanced,Autumn,865801.0
4,1,271.0,586.0,41,Yes,Obrajes,3531.0,Q4,0.14,9.1,0.437,62.8,5.0,Buyer's,Summer,1450479.0
4,3,150.0,300.0,43,Yes,Centro,3638.0,Q3,0.12,4.0,0.487,54.2,5.3,Balanced,Autumn,879837.0
4,4,237.0,300.0,47,No,Obrajes,3535.0,Q1,0.29,3.1,0.158,70.9,6.3,Balanced,Winter,621227.0
2,1,289.0,400.0,48,No,El Alto,3977.0,Q3,0.23,3.5,0.448,71.3,4.6,Balanced,Spring,526899.0
4,1,206.0,300.0,57,No,Zona Sur,3245.0,Q4,0.18,8.6,0.403,71.1,6.1,Balanced,Autumn,1643562.0
5,1,115.0,300.0,50,Yes,El Alto,4054.0,Q2,0.34,3.2,0.278,60.4,6.5,Balanced,Autumn,1374121.0
5,4,137.0,300.0,49,No,Miraflores,3549.0,Q2,0.1,5.7,0.196,52.8,7.0,Buyer's,Summer,1216422.0
2,1,268.0,300.0,43,Yes,Zona Sur,3365.0,Q4,0.57,10.0,0.238,61.9,4.6,Buyer's,Summer,2126228.0
4,2,171.0,400.0,55,Yes,Achumani,3381.0,Q2,0.14,7.2,0.348,69.4,7.3,Balanced,Spring,1719325.0
1,1,184.0,200.0,44,Yes,Miraflores,3598.0,Q3,0.0,3.9,0.177,70.2,7.7,Buyer's,Autumn,618474.0
3,2,226.0,310.0,43,No,El Alto,4031.0,Q1,0.14,3.2,0.43,55.7,6.4,Buyer's,Summer,655755.0
5,1,222.0,866.0,47,No,Miraflores,3597.0,Q2,0.03,6.9,0.578,63.2,5.0,Balanced,Summer,1054903.0
7,2,196.0,200.0,50,Yes,Zona Sur,3303.0,Q2,0.03,8.3,0.086,46.9,5.7,Seller's,Summer,2719247.0
4,2,169.0,200.0,46,No,Obrajes,3495.0,Q2,0.08,2.9,0.136,69.8,6.0,Balanced,Summer,505798.0
3,1,164.0,200.0,53,No,Centro,3676.0,Q1,0.02,6.1,0.205,52.2,6.3,Balanced,Autumn,663751.0
5,1,233.0,400.0,48,Yes,El Alto,4064.0,Q2,0.28,6.2,0.138,67.9,6.0,Seller's,Autumn,788226.0
3,2,213.0,318.0,55,Yes,El Alto,4089.0,Q1,0.02,4.8,0.332,48.5,6.3,Seller's,Summer,1327777.0
5,2,167.0,400.0,52,No,El Alto,3897.0,Q2,0.05,8.7,0.344,70.3,5.9,Balanced,Autumn,1207077.0
3,1,249.0,358.0,58,No,Obrajes,3560.0,Q2,0.02,7.4,0.241,63.2,6.3,Seller's,Autumn,1296989.0
7,2,173.0,528.0,47,Yes,El Alto,3863.0,Q3,0.01,9.8,0.181,52.2,5.5,Balanced,Spring,1163149.0
3,2,139.0,300.0,54,Yes,Centro,3655.0,Q4,0.03,7.1,0.227,66.9,5.7,Seller's,Spring,1700305.0
1,3,143.0,200.0,41,Yes,Achumani,3336.0,Q2,0.2,6.2,0.154,54.1,5.4,Balanced,Winter,530703.0
6,2,134.0,200.0,64,Yes,Zona Sur,3269.0,Q4,0.33,9.5,0.677,67.5,7.9,Seller's,Autumn,2347266.0
4,5,166.0,300.0,53,No,Centro,3693.0,Q1,0.63,3.7,0.242,57.3,7.5,Seller's,Autumn,495097.0
3,2,261.0,400.0,48,Yes,Obrajes,3429.0,Q4,0.21,9.1,0.317,42.8,6.6,Balanced,Spring,1305868.0
6,1,141.0,400.0,48,No,El Alto,3990.0,Q2,0.05,4.2,0.584,50.2,7.3,Seller's,Winter,725000.0
5,4,190.0,957.0,48,Yes,Achumani,3419.0,Q1,0.09,2.8,0.112,55.7,6.8,Buyer's,Summer,1398797.0
5,3,148.0,400.0,59,Yes,El Alto,3836.0,Q1,0.02,3.9,0.168,73.7,6.2,Buyer's,Winter,607787.0
8,2,166.0,300.0,54,Yes,Achumani,3365.0,Q1,0.45,5.7,0.101,69.0,4.5,Balanced,Winter,1777629.0
3,1,114.0,300.0,47,No,Obrajes,3513.0,Q3,0.01,10.0,0.452,76.2,5.7,Seller's,Winter,1305510.0
3,5,168.0,200.0,43,Yes,Miraflores,3519.0,Q3,0.13,6.8,0.324,76.5,5.7,Balanced,Winter,972820.0
6,2,170.0,200.0,55,No,Zona Sur,3360.0,Q4,0.03,9.7,0.056,54.7,4.9,Balanced,Spring,4397762.0
5,2,212.0,1046.0,54,Yes,Centro,3697.0,Q2,0.07,3.3,0.396,58.1,4.5,Balanced,Winter,567069.0
4,2,192.0,200.0,53,Yes,El Alto,3864.0,Q1,1.4,6.5,0.148,55.9,6.5,Buyer's,Spring,371751.0
3,1,126.0,300.0,49,Yes,Miraflores,3519.0,Q2,0.34,6.3,0.449,53.3,6.3,Balanced,Winter,846121.0
5,2,249.0,400.0,48,Yes,Zona Sur,3291.0,Q2,0.44,7.6,0.344,41.6,4.8,Seller's,Spring,2289485.0
5,2,192.0,400.0,58,No,Miraflores,3575.0,Q4,0.08,10.0,0.29,59.9,5.3,Seller's,Autumn,1476341.0
6,2,191.0,676.0,58,Yes,Obrajes,3456.0,Q2,0.49,4.3,0.422,47.1,7.2,Buyer's,Spring,796800.0
2,1,180.0,400.0,53,No,El Alto,3806.0,Q2,0.25,6.0,0.249,59.7,5.1,Balanced,Autumn,662435.0
3,1,154.0,503.0,54,Yes,Centro,3654.0,Q2,0.7,8.8,0.044,81.2,6.2,Buyer's,Spring,747502.0
2,2,192.0,400.0,51,Yes,Zona Sur,3391.0,Q3,0.05,4.0,0.366,54.9,5.8,Buyer's,Summer,1514792.0
5,1,208.0,400.0,43,Yes,Centro,3639.0,Q3,0.14,8.6,0.041,61.9,6.5,Balanced,Winter,890662.0
2,2,107.0,400.0,45,Yes,Zona Sur,3284.0,Q4,0.12,10.0,0.503,69.1,5.1,Balanced,Autumn,5963861.0
4,3,153.0,400.0,55,No,Zona Sur,3394.0,Q4,0.05,6.6,0.168,62.8,6.1,Buyer's,Spring,2387481.0
2,3,167.0,300.0,56,No,Obrajes,3539.0,Q3,0.34,9.9,0.297,62.9,6.2,Buyer's,Summer,1472927.0
3,2,194.0,207.0,55,Yes,Obrajes,3544.0,Q3,0.62,10.0,0.416,56.4,6.2,Seller's,Spring,1012870.0
6,2,257.0,200.0,51,Yes,Zona Sur,3313.0,Q3,0.11,9.1,0.225,57.7,6.1,Seller's,Autumn,1715874.0
5,3,143.0,200.0,55,No,Zona Sur,3395.0,Q4,0.05,6.0,0.012,50.4,6.3,Balanced,Winter,1310136.0
4,2,155.0,200.0,49,No,Miraflores,3569.0,Q3,0.1,5.9,0.209,68.5,8.2,Balanced,Autumn,1748150.0
4,2,154.0,200.0,53,No,Centro,3690.0,Q1,0.57,2.3,0.133,42.6,8.6,Buyer's,Spring,392409.0
6,4,142.0,200.0,48,Yes,Miraflores,3570.0,Q3,0.17,9.7,0.288,69.7,5.4,Seller's,Summer,1143100.0
4,3,162.0,200.0,44,Yes,Miraflores,3574.0,Q1,0.01,6.3,0.226,46.0,3.7,Balanced,Winter,1527222.0
3,3,227.0,300.0,54,No,Miraflores,3529.0,Q2,0.19,6.7,0.195,69.6,6.6,Seller's,Spring,1533176.0
2,1,131.0,200.0,56,No,El Alto,3891.0,Q2,0.0,4.9,0.234,56.5,6.2,Buyer's,Summer,412187.0
3,3,205.0,400.0,62,Yes,El Alto,4035.0,Q3,0.24,3.9,0.358,47.7,7.1,Balanced,Summer,418682.0
2,2,108.0,200.0,51,No,El Alto,3889.0,Q3,0.06,9.1,0.282,65.8,6.3,Balanced,Autumn,1098166.0
3,2,152.0,300.0,44,No,Centro,3656.0,Q1,0.19,5.7,0.191,69.3,6.1,Buyer's,Winter,855004.0
2,3,163.0,200.0,48,Yes,Obrajes,3450.0,Q3,0.26,10.0,0.554,55.6,7.1,Buyer's,Summer,658552.0
4,3,298.0,685.0,49,Yes,Obrajes,3563.0,Q3,0.01,8.9,0.121,67.2,7.3,Balanced,Autumn,875708.0
4,3,166.0,400.0,50,Yes,Zona Sur,3222.0,Q2,0.04,7.9,0.739,37.1,4.6,Seller's,Summer,1938508.0
7,1,93.0,300.0,52,Yes,Miraflores,3583.0,Q3,0.08,9.0,0.207,46.8,5.2,Buyer's,Spring,1876434.0
6,1,99.0,300.0,51,No,Centro,3660.0,Q3,0.04,8.2,0.562,72.9,5.9,Balanced,Spring,1366618.0
7,1,182.0,300.0,53,Yes,Zona Sur,3237.0,Q4,0.04,7.8,0.293,57.8,6.1,Buyer's,Summer,3161281.0
2,3,216.0,179.0,50,No,Centro,3654.0,Q1,1.89,6.5,0.066,41.4,5.8,Buyer's,Spring,0.0
3,1,201.0,200.0,38,No,El Alto,3885.0,Q1,0.52,5.3,0.453,53.0,6.4,Balanced,Winter,575146.0
5,1,189.0,257.0,51,Yes,Centro,3632.0,Q4,0.22,7.5,0.205,50.8,7.0,Balanced,Spring,2048701.0
3,2,255.0,562.0,50,Yes,Miraflores,3535.0,Q3,0.44,3.9,0.661,58.3,7.7,Balanced,Spring,1841061.0
2,3,153.0,300.0,52,No,Centro,3606.0,Q4,0.04,6.5,0.552,56.3,6.6,Balanced,Summer,1200328.0
5,3,235.0,300.0,48,No,Obrajes,3597.0,Q1,0.11,4.8,0.304,61.8,5.1,Balanced,Spring,3648913.0
5,2,110.0,200.0,51,No,Miraflores,3503.0,Q3,0.04,5.4,0.094,59.3,5.9,Balanced,Summer,1571018.0
2,1,137.0,300.0,52,Yes,El Alto,3999.0,Q2,0.43,4.1,0.271,73.6,5.9,Seller's,Summer,634613.0
5,2,105.0,400.0,49,Yes,Zona Sur,3274.0,Q1,0.34,4.7,0.1,64.2,6.5,Balanced,Autumn,1143312.0
4,1,166.0,400.0,53,Yes,Zona Sur,3329.0,Q4,0.03,5.4,0.286,64.6,6.4,Seller's,Winter,1212108.0
2,1,178.0,300.0,50,No,El Alto,3907.0,Q2,0.11,7.7,0.642,71.7,8.1,Buyer's,Autumn,353182.0
3,1,186.0,400.0,50,Yes,Zona Sur,3335.0,Q3,0.11,7.0,0.127,56.1,5.5,Balanced,Spring,1644319.0
2,2,183.0,400.0,35,No,Zona Sur,3346.0,Q3,0.12,7.7,0.17,47.4,6.4,Balanced,Winter,1246178.0
3,2,136.0,731.0,44,Yes,Zona Sur,3338.0,Q4,0.22,5.2,0.526,72.1,8.4,Balanced,Summer,558059.0
3,2,170.0,400.0,44,No,El Alto,3834.0,Q1,0.14,3.7,0.254,61.4,5.4,Balanced,Summer,417473.0
4,2,115.0,427.0,51,No,El Alto,3997.0,Q3,0.38,6.5,0.256,61.4,6.1,Buyer's,Summer,476538.0
5,3,271.0,300.0,56,Yes,Miraflores,3528.0,Q2,0.14,7.8,0.238,53.7,5.1,Buyer's,Spring,1912066.0
5,2,164.0,400.0,49,No,El Alto,3809.0,Q1,0.41,5.9,0.162,53.8,6.1,Buyer's,Winter,523416.0
1,2,155.0,300.0,54,Yes,Zona Sur,3283.0,Q4,0.27,5.9,0.298,68.5,5.2,Seller's,Summer,1231276.0
4,2,290.0,200.0,53,Yes,El Alto,3930.0,Q3,0.38,8.0,0.179,69.8,7.0,Seller's,Summer,553141.0
1,4,124.0,400.0,50,Yes,Centro,3647.0,Q1,0.02,3.3,0.079,67.8,6.1,Buyer's,Spring,647367.0
4,2,128.0,400.0,52,Yes,El Alto,4011.0,Q2,0.06,8.9,0.348,67.9,5.1,Balanced,Autumn,1288202.0
2,2,130.0,711.0,51,Yes,Obrajes,3462.0,Q2,0.16,8.7,0.326,65.7,6.8,Buyer's,Autumn,998589.0
5,2,176.0,300.0,49,No,Obrajes,3463.0,Q1,0.17,4.9,0.284,61.3,6.2,Buyer's,Spring,640661.0
6,1,205.0,300.0,51,No,Zona Sur,3212.0,Q3,0.16,8.7,0.256,58.2,7.0,Seller's,Autumn,1236093.0
2,3,225.0,785.0,57,Yes,Achumani,3437.0,Q2,0.69,7.7,0.266,72.1,4.9,Balanced,Autumn,839550.0
4,2,389.0,284.0,52,No,Zona Sur,3314.0,Q4,0.01,10.0,0.474,56.3,6.4,Buyer's,Summer,1995438.0
4,1,92.0,300.0,51,No,Obrajes,3470.0,Q4,0.06,10.0,0.065,63.7,6.8,Buyer's,Autumn,1011838.0
4,2,216.0,400.0,45,No,Miraflores,3571.0,Q4,0.02,10.0,0.071,52.0,5.6,Seller's,Summer,1343711.0
3,1,152.0,693.0,57,No,Centro,3654.0,Q3,0.36,7.9,0.662,53.4,4.7,Buyer's,Spring,1115275.0
4,1,151.0,300.0,42,Yes,Zona Sur,3294.0,Q4,0.33,9.7,0.706,57.6,6.0,Balanced,Autumn,1436212.0
4,1,149.0,400.0,41,Yes,Zona Sur,3302.0,Q4,0.07,10.0,0.303,52.0,7.2,Balanced,Summer,1772819.0
5,1,137.0,400.0,51,No,El Alto,3991.0,Q4,0.01,10.0,0.489,68.0,7.1,Balanced,Summer,715060.0
4,3,298.0,307.0,45,Yes,Obrajes,3532.0,Q4,0.15,10.0,0.198,46.5,5.6,Balanced,Winter,2085443.0
2,3,232.0,400.0,55,Yes,El Alto,3887.0,Q2,0.29,4.2,0.531,61.0,4.7,Seller's,Spring,624698.0
3,3,181.0,711.0,41,Yes,El Alto,3842.0,Q3,0.07,6.2,0.108,61.3,5.6,Buyer's,Spring,811770.0
5,1,270.0,400.0,54,Yes,El Alto,3847.0,Q1,0.66,2.8,0.288,41.9,5.5,Seller's,Spring,370307.0
2,3,114.0,333.0,54,Yes,Miraflores,3564.0,Q3,0.6,7.2,0.197,55.6,6.4,Buyer's,Spring,1383003.0
5,1,121.0,400.0,50,Yes,Zona Sur,3375.0,Q4,0.08,8.0,0.019,62.6,5.9,Balanced,Spring,2761652.0
3,2,94.0,200.0,39,Yes,Zona Sur,3282.0,Q4,0.08,10.0,0.084,64.3,5.2,Seller's,Winter,698108.0
2,3,146.0,667.0,41,No,Centro,3617.0,Q2,0.08,6.6,0.211,58.0,7.1,Balanced,Spring,672718.0
6,2,189.0,200.0,51,Yes,Miraflores,3576.0,Q3,0.14,9.4,0.217,66.8,6.1,Seller's,Autumn,1995632.0
7,2,186.0,200.0,48,Yes,Zona Sur,3366.0,Q4,0.06,6.9,0.285,58.9,6.4,Seller's,Spring,1393798.0
2,4,188.0,400.0,53,Yes,Zona Sur,3376.0,Q3,0.06,9.7,0.515,60.1,4.3,Buyer's,Autumn,1378718.0
8,1,118.0,400.0,49,Yes,Zona Sur,3321.0,Q4,0.01,9.5,0.151,62.5,3.6,Seller's,Winter,2657800.0
5,3,229.0,400.0,49,Yes,Obrajes,3572.0,Q2,0.07,7.1,0.206,69.3,4.6,Seller's,Spring,1573942.0
4,3,193.0,200.0,37,Yes,Zona Sur,3203.0,Q3,0.04,5.6,0.365,53.2,5.5,Balanced,Winter,2008297.0
4,2,224.0,300.0,54,Yes,Centro,3611.0,Q2,0.19,6.2,0.225,55.1,6.6,Buyer's,Winter,670202.0
1,2,102.0,300.0,46,No,El Alto,3828.0,Q2,0.22,6.7,0.314,53.3,3.7,Buyer's,Summer,192230.0
4,2,198.0,400.0,48,Yes,Centro,3671.0,Q2,0.23,6.4,0.24,56.7,7.6,Buyer's,Summer,1400206.0
4,3,126.0,300.0,44,Yes,Zona Sur,3214.0,Q4,0.05,10.0,0.543,74.3,6.2,Buyer's,Autumn,1899039.0
2,1,160.0,969.0,42,Yes,Miraflores,3550.0,Q2,0.13,8.4,0.408,65.7,7.4,Balanced,Winter,3057534.0
1,2,211.0,400.0,57,No,Zona Sur,3295.0,Q3,0.29,10.0,0.403,48.7,5.1,Buyer's,Spring,536567.0
3,1,185.0,200.0,53,No,Centro,3631.0,Q1,0.19,5.4,0.077,54.0,6.5,Buyer's,Summer,1093661.0
5,2,139.0,518.0,54,No,Zona Sur,3374.0,Q3,0.7,10.0,0.154,63.7,6.1,Balanced,Summer,567641.0
7,1,180.0,300.0,48,Yes,El Alto,3851.0,Q2,0.14,7.9,0.511,50.9,6.8,Balanced,Spring,2120341.0
4,2,114.0,446.0,41,Yes,El Alto,3906.0,Q2,0.25,4.4,0.314,52.7,5.8,Balanced,Winter,679377.0
4,3,254.0,539.0,60,Yes,Centro,3677.0,Q1,0.02,4.2,0.318,73.4,6.5,Seller's,Summer,705902.0
3,2,169.0,503.0,52,No,Centro,3603.0,Q1,0.32,3.3,0.11,53.9,7.1,Buyer's,Summer,933323.0
2,3,252.0,300.0,50,Yes,Centro,3667.0,Q3,0.31,3.3,0.062,69.5,5.3,Buyer's,Autumn,490657.0
1,2,154.0,421.0,48,No,Achumani,3463.0,Q3,0.46,4.7,0.687,72.6,6.2,Buyer's,Spring,753266.0
3,1,154.0,503.0,39,No,Miraflores,3593.0,Q4,0.59,3.9,0.236,52.7,4.1,Balanced,Spring,868212.0
7,2,143.0,300.0,55,No,El Alto,4063.0,Q2,0.08,7.2,0.576,51.1,6.7,Buyer's,Summer,1865078.0
7,2,234.0,200.0,44,Yes,El Alto,3896.0,Q1,0.26,4.2,0.573,57.2,8.0,Seller's,Summer,2065074.0
4,3,145.0,300.0,52,No,Centro,3659.0,Q2,0.14,4.7,0.3,49.1,4.8,Buyer's,Spring,698862.0
4,1,218.0,400.0,53,Yes,Miraflores,3508.0,Q3,0.13,9.2,0.092,61.2,5.9,Seller's,Spring,2411297.0
3,4,160.0,400.0,51,Yes,Centro,3626.0,Q1,0.05,6.2,0.185,57.9,6.9,Balanced,Summer,1163587.0
6,2,100.0,400.0,52,Yes,Zona Sur,3219.0,Q2,0.47,8.8,0.474,63.6,6.0,Balanced,Winter,803374.0
4,1,152.0,200.0,56,No,Zona Sur,3263.0,Q3,0.38,8.2,0.188,74.0,6.2,Seller's,Winter,863516.0
3,2,126.0,200.0,46,Yes,Zona Sur,3375.0,Q4,0.06,8.1,0.637,68.2,5.6,Seller's,Spring,4884332.0
3,1,182.0,300.0,50,Yes,Zona Sur,3269.0,Q4,0.03,6.7,0.078,64.9,5.6,Balanced,Summer,1786252.0
3,2,126.0,300.0,48,Yes,Centro,3656.0,Q1,0.05,3.2,0.554,40.3,5.9,Seller's,Winter,1402393.0
4,1,238.0,703.0,40,No,Achumani,3387.0,Q3,0.18,4.9,0.233,64.4,6.0,Balanced,Summer,1269233.0
2,2,175.0,200.0,51,No,Miraflores,3546.0,Q3,0.06,6.5,0.333,77.2,4.8,Seller's,Winter,764748.0
7,1,171.0,200.0,56,No,Obrajes,3594.0,Q3,0.38,10.0,0.393,30.0,5.9,Balanced,Winter,1464341.0
5,1,219.0,300.0,56,Yes,Obrajes,3459.0,Q2,0.27,2.7,0.315,66.9,7.6,Seller's,Spring,1170026.0
7,3,240.0,200.0,59,Yes,Obrajes,3525.0,Q3,0.17,4.8,0.105,58.4,5.6,Buyer's,Spring,743350.0
3,3,179.0,711.0,41,Yes,Achumani,3384.0,Q4,0.08,5.6,0.44,51.5,4.8,Buyer's,Spring,842015.0
6,3,143.0,745.0,58,Yes,Centro,3606.0,Q1,0.01,5.6,0.456,68.0,5.8,Balanced,Spring,1747278.0
3,1,106.0,400.0,50,No,Zona Sur,3298.0,Q3,0.43,6.0,0.331,77.1,5.3,Buyer's,Winter,639562.0
4,2,147.0,170.0,58,Yes,El Alto,4044.0,Q1,0.3,4.3,0.073,67.8,4.7,Buyer's,Winter,483855.0
7,3,150.0,300.0,48,Yes,El Alto,3830.0,Q1,1.54,2.8,0.298,56.3,6.1,Balanced,Spring,173337.0
7,2,186.0,400.0,47,Yes,Achumani,3314.0,Q3,0.12,6.4,0.197,50.6,5.3,Balanced,Summer,1949241.0
6,3,162.0,200.0,43,No,Obrajes,3431.0,Q4,0.12,4.8,0.091,61.4,5.4,Seller's,Summer,2321109.0
5,1,221.0,748.0,53,Yes,Centro,3676.0,Q4,0.01,8.8,0.167,68.7,6.2,Balanced,Summer,894051.0
4,2,150.0,300.0,52,Yes,Miraflores,3572.0,Q2,0.24,3.3,0.577,56.1,4.5,Seller's,Autumn,1430147.0
2,1,177.0,300.0,44,No,Zona Sur,3313.0,Q4,0.14,10.0,0.296,57.1,4.3,Balanced,Winter,1965404.0
5,1,257.0,246.0,39,Yes,Zona Sur,3294.0,Q4,0.15,9.1,0.379,88.2,6.7,Buyer's,Spring,2293506.0
4,2,199.0,400.0,52,No,Centro,3689.0,Q3,0.24,8.9,0.358,70.8,4.1,Buyer's,Spring,483210.0
5,1,177.0,300.0,52,Yes,El Alto,4030.0,Q1,0.08,4.2,0.234,71.5,5.0,Balanced,Spring,679037.0
3,1,150.0,1079.0,45,No,Achumani,3462.0,Q2,0.89,5.1,0.158,45.4,4.2,Balanced,Summer,1338339.0
3,1,149.0,400.0,44,Yes,Centro,3681.0,Q2,1.28,3.3,0.212,52.9,5.5,Buyer's,Summer,257724.0
5,1,139.0,200.0,53,Yes,Obrajes,3529.0,Q3,0.01,7.3,0.384,60.7,6.4,Balanced,Summer,1859744.0
5,2,153.0,200.0,59,No,El Alto,3937.0,Q2,0.66,5.9,0.628,50.0,6.1,Balanced,Summer,832038.0
2,1,226.0,200.0,47,Yes,Achumani,3473.0,Q4,0.03,8.2,0.085,76.0,8.4,Balanced,Autumn,655465.0
3,1,168.0,200.0,45,Yes,Zona Sur,3385.0,Q2,0.28,7.4,0.167,74.1,7.1,Seller's,Summer,2558521.0
5,3,120.0,200.0,51,Yes,Achumani,3305.0,Q1,0.12,6.2,0.328,54.7,5.1,Seller's,Summer,1918202.0
3,2,306.0,200.0,53,No,El Alto,3815.0,Q3,0.55,9.1,0.281,77.8,4.8,Seller's,Winter,649938.0
4,1,198.0,300.0,48,Yes,Zona Sur,3392.0,Q4,0.01,5.2,0.49,60.0,8.7,Seller's,Winter,929942.0
6,1,118.0,595.0,60,No,Zona Sur,3255.0,Q4,0.07,9.6,0.305,85.9,7.1,Buyer's,Spring,2031061.0
3,1,158.0,869.0,54,No,Obrajes,3575.0,Q1,0.17,2.5,0.407,61.4,6.6,Balanced,Summer,1267632.0
3,3,186.0,300.0,48,No,Zona Sur,3278.0,Q4,0.04,10.0,0.496,65.8,6.1,Seller's,Winter,3728847.0
3,2,300.0,400.0,42,Yes,Centro,3612.0,Q3,0.17,6.2,0.354,74.0,6.3,Balanced,Spring,795117.0
3,2,129.0,208.0,56,Yes,Miraflores,3508.0,Q4,0.01,5.1,0.446,72.8,4.5,Seller's,Summer,726048.0
5,1,241.0,200.0,55,No,El Alto,3847.0,Q1,0.38,6.3,0.594,65.1,6.2,Balanced,Summer,620481.0
3,2,274.0,300.0,48,Yes,Achumani,3350.0,Q2,0.95,6.6,0.204,58.6,6.1,Balanced,Spring,621243.0
3,2,149.0,855.0,51,Yes,Centro,3649.0,Q2,0.39,4.9,0.394,65.1,5.1,Buyer's,Spring,470712.0
4,3,166.0,558.0,49,Yes,Centro,3670.0,Q4,0.2,4.2,0.058,51.8,5.5,Seller's,Summer,1653189.0
3,2,132.0,331.0,52,Yes,Obrajes,3597.0,Q4,0.04,8.8,0.165,61.5,7.5,Seller's,Autumn,2165281.0
3,2,169.0,491.0,44,Yes,El Alto,3932.0,Q4,0.04,10.0,0.431,48.9,5.9,Seller's,Winter,814721.0
3,3,178.0,200.0,44,Yes,Achumani,3404.0,Q4,0.07,9.3,0.51,42.2,8.1,Balanced,Winter,1257953.0
6,4,219.0,400.0,54,No,Centro,3652.0,Q1,0.01,6.9,0.108,60.5,4.3,Buyer's,Spring,588862.0
5,3,250.0,300.0,54,Yes,Miraflores,3554.0,Q1,0.87,2.8,0.31,72.6,5.5,Buyer's,Spring,722113.0
5,2,144.0,300.0,47,Yes,Centro,3652.0,Q1,0.05,4.9,0.729,69.3,4.5,Seller's,Autumn,2421357.0
5,3,100.0,200.0,46,Yes,El Alto,3803.0,Q1,0.7,6.0,0.422,59.2,4.8,Balanced,Summer,394554.0
5,2,179.0,509.0,55,Yes,Zona Sur,3200.0,Q4,0.01,8.7,0.059,77.5,5.2,Buyer's,Summer,1329510.0
5,1,197.0,677.0,46,Yes,Miraflores,3510.0,Q4,0.17,4.7,0.42,54.3,6.3,Balanced,Spring,1630263.0
1,1,194.0,200.0,50,No,Zona Sur,3220.0,Q3,0.03,7.8,0.115,40.8,6.3,Balanced,Spring,2792172.0
2,2,163.0,380.0,49,No,Centro,3670.0,Q3,0.01,8.0,0.263,38.2,5.3,Balanced,Summer,1134730.0
5,1,187.0,329.0,42,Yes,Achumani,3341.0,Q4,0.13,10.0,0.178,48.2,3.8,Balanced,Spring,1864510.0
2,2,284.0,400.0,50,Yes,Zona Sur,3379.0,Q4,0.03,10.0,0.117,68.2,7.5,Balanced,Winter,1713953.0
5,1,202.0,300.0,50,Yes,El Alto,4079.0,Q1,0.38,5.9,0.172,53.7,5.7,Seller's,Spring,429757.0
2,2,161.0,300.0,51,No,Obrajes,3595.0,Q3,0.13,8.4,0.228,64.6,4.9,Buyer's,Winter,537195.0
3,4,155.0,400.0,50,No,Miraflores,3594.0,Q2,0.03,4.1,0.328,76.5,6.3,Balanced,Winter,610538.0
3,4,171.0,300.0,60,No,El Alto,3882.0,Q2,0.65,5.2,0.308,49.0,6.2,Balanced,Summer,734666.0
2,3,294.0,200.0,55,Yes,Obrajes,3502.0,Q3,0.1,9.3,0.422,64.8,5.7,Seller's,Autumn,1271599.0
5,2,170.0,400.0,50,No,Obrajes,3435.0,Q1,0.4,6.8,0.387,65.4,6.1,Balanced,Autumn,908617.0
8,2,179.0,200.0,50,Yes,Miraflores,3581.0,Q4,0.07,4.6,0.342,51.4,4.8,Balanced,Spring,1338456.0
4,2,156.0,186.0,58,Yes,Zona Sur,3378.0,Q4,0.09,8.8,0.051,73.5,6.8,Balanced,Summer,1279132.0
5,2,250.0,200.0,54,No,Zona Sur,3370.0,Q4,0.04,6.7,0.296,57.1,5.0,Balanced,Summer,3995019.0
6,2,324.0,717.0,43,No,El Alto,3930.0,Q4,0.02,6.0,0.138,56.2,5.4,Seller's,Autumn,926720.0
4,3,206.0,200.0,54,Yes,El Alto,4028.0,Q1,0.23,4.6,0.284,81.1,6.6,Seller's,Summer,446708.0
3,1,185.0,400.0,56,Yes,El Alto,3829.0,Q1,0.17,5.1,0.099,65.2,7.2,Balanced,Summer,642333.0
4,1,182.0,643.0,58,Yes,Miraflores,3504.0,Q4,0.05,4.0,0.399,69.3,7.6,Balanced,Summer,2646515.0
3,3,88.0,300.0,47,Yes,Zona Sur,3351.0,Q3,0.18,9.3,0.536,73.5,7.1,Buyer's,Summer,903203.0
3,1,225.0,200.0,47,Yes,El Alto,3928.0,Q2,0.28,7.9,0.09,53.5,5.7,Balanced,Summer,426101.0
5,4,187.0,815.0,45,No,Centro,3700.0,Q2,0.01,8.8,0.316,72.5,4.5,Seller's,Summer,1010268.0
2,1,205.0,200.0,51,No,El Alto,3829.0,Q1,0.12,3.0,0.415,55.0,7.4,Balanced,Winter,584835.0
6,1,145.0,300.0,53,No,Centro,3686.0,Q3,0.08,7.9,0.345,54.6,7.4,Buyer's,Autumn,1429811.0
3,1,160.0,400.0,47,No,Miraflores,3548.0,Q2,0.02,5.4,0.089,57.3,5.3,Seller's,Autumn,1727939.0
4,1,159.0,798.0,49,Yes,Miraflores,3583.0,Q3,0.04,5.9,0.201,53.8,6.9,Balanced,Summer,854985.0
7,1,245.0,300.0,39,No,Miraflores,3582.0,Q3,0.01,7.7,0.202,68.2,5.7,Balanced,Autumn,1170593.0
4,1,161.0,400.0,57,Yes,Miraflores,3592.0,Q4,0.56,10.0,0.435,62.7,7.5,Buyer's,Summer,923448.0
4,2,336.0,300.0,42,Yes,Zona Sur,3260.0,Q4,0.13,4.1,0.296,55.1,5.5,Balanced,Spring,2247112.0
8,3,205.0,400.0,51,Yes,Miraflores,3595.0,Q2,0.02,8.8,0.392,66.7,8.0,Seller's,Winter,1250707.0
4,1,123.0,529.0,51,Yes,Zona Sur,3230.0,Q4,0.0,10.0,0.363,57.2,6.8,Balanced,Spring,1498231.0
2,2,173.0,300.0,50,No,Zona Sur,3216.0,Q4,0.13,10.0,0.288,56.7,7.8,Balanced,Summer,1265754.0
1,2,148.0,400.0,50,No,El Alto,3929.0,Q2,0.14,7.5,0.227,60.5,5.5,Buyer's,Spring,781128.0
4,2,93.0,400.0,44,Yes,Miraflores,3583.0,Q4,0.15,7.4,0.159,64.6,6.4,Balanced,Spring,1421316.0
2,1,291.0,1497.0,48,No,El Alto,3942.0,Q2,0.62,7.4,0.081,63.9,5.0,Seller's,Autumn,733270.0
3,2,222.0,200.0,54,Yes,El Alto,4049.0,Q1,0.27,4.0,0.073,56.4,6.8,Balanced,Summer,1003271.0
2,6,211.0,389.0,56,No,El Alto,4019.0,Q2,0.05,8.4,0.281,68.5,6.9,Seller's,Winter,677453.0
4,3,189.0,575.0,47,Yes,Obrajes,3442.0,Q2,0.37,3.8,0.478,57.8,8.4,Seller's,Spring,753421.0
2,1,119.0,200.0,42,Yes,Zona Sur,3390.0,Q3,0.5,5.6,0.306,53.5,6.5,Seller's,Spring,695304.0
3,4,156.0,300.0,46,Yes,El Alto,3818.0,Q2,0.21,6.2,0.365,45.3,6.7,Seller's,Spring,356794.0
5,1,232.0,400.0,59,No,Obrajes,3580.0,Q2,0.27,4.7,0.292,69.8,5.5,Buyer's,Autumn,876857.0
4,1,131.0,471.0,46,Yes,Achumani,3361.0,Q1,0.12,4.2,0.041,60.1,6.5,Seller's,Winter,988318.0
5,3,84.0,200.0,49,No,Zona Sur,3300.0,Q1,0.14,4.5,0.286,62.1,5.6,Buyer's,Summer,1723038.0
3,1,168.0,200.0,57,Yes,Miraflores,3542.0,Q3,0.21,9.9,0.315,70.5,6.1,Buyer's,Summer,963748.0
3,2,173.0,426.0,47,No,Zona Sur,3234.0,Q3,0.42,7.3,0.516,55.2,6.2,Buyer's,Winter,939515.0
4,3,187.0,200.0,49,No,El Alto,3907.0,Q2,0.24,5.0,0.592,46.3,5.6,Balanced,Spring,716247.0
2,2,224.0,200.0,53,Yes,El Alto,3858.0,Q1,0.47,3.3,0.259,60.7,6.1,Balanced,Summer,322892.0
3,2,218.0,300.0,58,Yes,Miraflores,3520.0,Q3,0.03,6.4,0.47,63.1,5.6,Balanced,Summer,2155540.0
5,2,195.0,200.0,46,No,Centro,3619.0,Q2,0.06,5.9,0.448,57.4,5.6,Buyer's,Spring,845300.0
7,3,258.0,266.0,56,No,El Alto,3947.0,Q2,0.18,7.4,0.153,74.7,7.1,Balanced,Spring,495540.0
5,1,114.0,400.0,48,No,Centro,3680.0,Q2,0.05,3.5,0.099,35.1,6.2,Balanced,Spring,1322626.0
2,1,209.0,200.0,45,Yes,Achumani,3414.0,Q4,0.1,5.9,0.242,71.2,6.3,Seller's,Winter,1253890.0
5,1,217.0,277.0,51,Yes,El Alto,4068.0,Q3,0.06,6.2,0.195,67.9,4.5,Buyer's,Autumn,353793.0
5,2,124.0,400.0,44,No,Zona Sur,3327.0,Q4,0.16,7.2,0.342,64.6,6.4,Buyer's,Winter,1953972.0
2,4,115.0,208.0,52,Yes,El Alto,4007.0,Q3,0.26,6.3,0.415,30.0,6.5,Buyer's,Summer,386309.0
6,2,144.0,671.0,65,Yes,Miraflores,3567.0,Q3,0.1,9.4,0.22,72.8,5.6,Balanced,Summer,1143566.0
3,3,148.0,300.0,55,Yes,El Alto,3935.0,Q2,0.05,4.7,0.336,49.7,8.1,Balanced,Autumn,671397.0
2,2,226.0,400.0,49,No,Obrajes,3538.0,Q4,0.1,8.5,0.176,54.9,3.7,Balanced,Winter,1437469.0
5,2,150.0,1099.0,55,No,Achumani,3314.0,Q3,0.79,8.1,0.134,58.3,6.8,Balanced,Spring,1135015.0
4,2,139.0,200.0,45,Yes,Centro,3686.0,Q4,0.1,6.0,0.083,64.1,6.7,Balanced,Summer,977641.0
4,1,150.0,300.0,46,Yes,Miraflores,3578.0,Q3,0.01,8.8,0.045,66.4,6.5,Balanced,Autumn,1066902.0
7,4,252.0,945.0,49,Yes,Miraflores,3525.0,Q4,0.0,8.9,0.081,68.9,6.2,Seller's,Winter,2224015.0
5,3,181.0,200.0,50,Yes,Centro,3677.0,Q2,0.09,5.5,0.229,68.2,6.6,Buyer's,Winter,892786.0
10,2,171.0,732.0,43,Yes,Zona Sur,3203.0,Q4,0.02,10.0,0.18,62.5,6.9,Seller's,Autumn,5651682.0
4,3,174.0,300.0,48,No,Centro,3622.0,Q3,0.27,5.2,0.187,64.2,5.3,Seller's,Spring,1304409.0
3,1,265.0,400.0,49,Yes,Zona Sur,3213.0,Q4,0.19,10.0,0.622,49.1,6.3,Buyer's,Spring,1234957.0
4,1,144.0,300.0,57,Yes,Miraflores,3578.0,Q2,0.07,6.2,0.544,52.5,5.8,Seller's,Winter,1153653.0
3,1,267.0,370.0,43,No,Miraflores,3576.0,Q3,0.06,8.0,0.365,69.0,4.9,Seller's,Summer,1678902.0
6,3,192.0,300.0,43,Yes,Obrajes,3563.0,Q4,0.03,10.0,0.263,68.4,6.7,Balanced,Spring,3099052.0
5,1,172.0,391.0,50,Yes,El Alto,3801.0,Q1,0.72,6.1,0.208,67.2,5.4,Balanced,Winter,841829.0
4,3,381.0,200.0,55,Yes,Miraflores,3550.0,Q3,0.11,7.9,0.469,54.9,4.5,Balanced,Spring,1456679.0
6,1,131.0,200.0,52,Yes,Zona Sur,3341.0,Q3,0.17,9.1,0.47,69.1,5.5,Buyer's,Autumn,1127787.0
4,2,162.0,400.0,51,No,Centro,3616.0,Q4,0.05,7.8,0.281,48.4,5.2,Buyer's,Autumn,632911.0
2,1,124.0,400.0,48,Yes,Miraflores,3565.0,Q3,0.16,7.5,0.172,70.8,7.0,Seller's,Spring,1020024.0
4,3,240.0,400.0,53,Yes,Centro,3608.0,Q2,0.12,3.1,0.281,57.4,6.2,Seller's,Summer,2834994.0
8,3,299.0,200.0,54,No,Achumani,3336.0,Q3,0.07,4.0,0.191,76.8,7.4,Buyer's,Spring,1661215.0
4,1,297.0,300.0,48,No,El Alto,3943.0,Q2,0.24,7.9,0.082,44.8,5.3,Seller's,Autumn,416731.0
3,1,260.0,484.0,45,Yes,El Alto,3996.0,Q1,0.27,2.4,0.424,77.6,6.9,Seller's,Summer,411477.0
6,1,170.0,400.0,45,Yes,Centro,3615.0,Q3,0.06,4.6,0.289,56.4,8.8,Buyer's,Spring,852970.0
3,4,161.0,246.0,54,No,Obrajes,3437.0,Q4,0.02,10.0,0.084,56.2,6.4,Balanced,Winter,897672.0
5,1,109.0,400.0,42,Yes,Obrajes,3441.0,Q4,0.05,3.9,0.387,61.9,6.9,Balanced,Summer,1080796.0
2,1,332.0,300.0,58,No,Centro,3624.0,Q1,0.16,3.5,0.062,53.0,6.7,Seller's,Spring,1114218.0
4,3,207.0,200.0,47,No,Miraflores,3523.0,Q4,0.1,9.2,0.119,59.3,4.6,Seller's,Spring,2113542.0
9,4,155.0,200.0,51,No,Centro,3640.0,Q3,0.39,7.9,0.434,52.6,6.6,Buyer's,Spring,1895783.0
4,3,268.0,300.0,53,Yes,Zona Sur,3331.0,Q3,0.01,9.3,0.257,53.0,6.3,Balanced,Winter,2344873.0
6,2,134.0,300.0,46,Yes,El Alto,3931.0,Q1,0.08,4.6,0.355,64.9,5.7,Seller's,Spring,409560.0
7,2,203.0,300.0,47,No,Centro,3678.0,Q1,0.06,4.6,0.368,51.0,5.1,Seller's,Summer,977802.0
6,2,171.0,424.0,50,Yes,Zona Sur,3344.0,Q4,0.07,10.0,0.569,52.3,6.7,Buyer's,Winter,1814604.0
5,2,218.0,300.0,45,Yes,Zona Sur,3225.0,Q1,0.17,4.5,0.35,46.3,5.0,Balanced,Autumn,1638721.0
4,1,177.0,455.0,44,Yes,Centro,3605.0,Q2,0.31,6.5,0.037,55.0,8.1,Seller's,Summer,1438365.0
5,3,116.0,300.0,45,Yes,Achumani,3476.0,Q4,0.03,10.0,0.395,73.1,6.1,Balanced,Winter,1289942.0
1,1,184.0,200.0,56,No,El Alto,3824.0,Q2,0.22,5.2,0.318,51.5,4.8,Balanced,Autumn,518500.0
9,3,247.0,200.0,51,Yes,El Alto,3845.0,Q2,0.52,5.1,0.395,52.7,5.5,Seller's,Spring,1029147.0
3,1,178.0,400.0,46,No,Miraflores,3502.0,Q3,0.39,3.3,0.083,61.9,5.7,Buyer's,Autumn,644781.0
5,2,227.0,300.0,54,Yes,El Alto,3989.0,Q1,0.96,5.1,0.178,56.3,8.4,Seller's,Winter,437232.0
1,1,132.0,400.0,46,Yes,Centro,3658.0,Q4,0.15,4.2,0.382,82.3,5.1,Balanced,Summer,953625.0
2,3,179.0,300.0,40,Yes,El Alto,4096.0,Q1,0.71,4.6,0.197,58.4,5.9,Buyer's,Autumn,321424.0
8,1,149.0,300.0,53,No,Zona Sur,3377.0,Q4,0.03,10.0,0.676,63.4,5.5,Buyer's,Winter,2203041.0
5,2,225.0,300.0,58,No,Centro,3641.0,Q3,0.04,7.5,0.397,69.4,6.5,Buyer's,Autumn,1131944.0
6,2,182.0,300.0,52,Yes,Miraflores,3537.0,Q2,0.0,4.4,0.126,69.2,5.5,Buyer's,Spring,2174941.0
2,1,221.0,300.0,40,No,Miraflores,3530.0,Q4,0.12,10.0,0.198,62.3,4.9,Balanced,Spring,854844.0
6,1,249.0,625.0,49,Yes,Obrajes,3430.0,Q3,0.44,5.4,0.276,58.4,5.8,Buyer's,Summer,2320705.0
2,2,222.0,581.0,48,No,Zona Sur,3228.0,Q2,0.05,7.3,0.264,80.2,5.7,Seller's,Spring,872501.0
3,2,195.0,300.0,51,No,Miraflores,3513.0,Q4,0.1,9.5,0.209,59.0,5.4,Balanced,Winter,965598.0
2,2,133.0,543.0,45,No,Centro,3611.0,Q3,0.22,4.6,0.379,55.6,5.5,Balanced,Summer,1093896.0
5,3,180.0,510.0,48,No,Achumani,3348.0,Q3,0.42,10.0,0.447,53.5,7.2,Balanced,Summer,2302525.0
4,4,153.0,400.0,42,Yes,Centro,3631.0,Q3,0.17,4.8,0.349,42.7,5.7,Balanced,Autumn,522103.0
2,1,162.0,400.0,51,Yes,El Alto,4088.0,Q3,0.56,10.0,0.325,68.2,4.9,Balanced,Summer,363353.0
4,1,161.0,443.0,43,Yes,Achumani,3416.0,Q1,0.13,2.1,0.214,36.5,5.5,Buyer's,Summer,1170169.0
3,1,134.0,300.0,52,Yes,Miraflores,3599.0,Q2,0.1,4.4,0.076,59.9,6.1,Seller's,Spring,2879217.0
3,1,100.0,379.0,46,No,Centro,3637.0,Q2,0.19,4.0,0.091,58.0,4.7,Balanced,Summer,1246791.0
2,1,147.0,200.0,34,Yes,Centro,3646.0,Q1,0.15,2.2,0.268,82.4,7.6,Buyer's,Winter,459773.0
4,1,191.0,200.0,53,No,Achumani,3365.0,Q4,0.0,10.0,0.471,41.7,6.9,Balanced,Autumn,640382.0
3,2,120.0,400.0,52,Yes,Zona Sur,3237.0,Q3,0.21,8.6,0.478,51.0,7.4,Balanced,Summer,1598401.0
4,1,181.0,400.0,56,Yes,Miraflores,3514.0,Q2,0.33,7.7,0.265,58.6,6.4,Buyer's,Spring,1277510.0
4,1,318.0,731.0,39,No,El Alto,4084.0,Q1,0.41,3.4,0.169,58.0,3.9,Seller's,Winter,534725.0
6,2,245.0,430.0,46,Yes,El Alto,4096.0,Q2,0.1,5.5,0.6,54.5,7.5,Balanced,Winter,643329.0
7,1,295.0,200.0,50,No,Centro,3604.0,Q4,0.07,9.9,0.276,59.2,5.1,Balanced,Summer,1821494.0
4,1,202.0,300.0,52,Yes,Centro,3615.0,Q2,0.11,5.5,0.14,47.4,5.2,Balanced,Autumn,657253.0
6,3,255.0,413.0,42,No,Zona Sur,3285.0,Q4,0.0,10.0,0.436,63.6,6.2,Seller's,Summer,6014291.0
3,2,145.0,400.0,52,Yes,Centro,3619.0,Q2,0.2,6.7,0.19,36.8,7.4,Buyer's,Summer,1535343.0
3,3,148.0,300.0,47,Yes,Centro,3636.0,Q3,0.02,4.2,0.313,59.7,7.1,Balanced,Winter,1139917.0
5,1,79.0,300.0,40,No,Obrajes,3426.0,Q1,0.03,5.9,0.066,54.0,6.9,Balanced,Spring,1228548.0
4,1,257.0,257.0,46,No,Miraflores,3546.0,Q3,0.23,8.8,0.186,70.2,5.7,Seller's,Summer,962909.0
3,3,286.0,673.0,52,Yes,Achumani,3354.0,Q3,0.0,8.3,0.462,77.6,5.7,Buyer's,Spring,1251686.0
2,3,152.0,200.0,40,Yes,El Alto,3906.0,Q3,0.51,4.5,0.142,56.7,6.3,Buyer's,Summer,786525.0
6,5,167.0,200.0,53,Yes,Zona Sur,3219.0,Q3,0.12,5.4,0.092,73.9,5.9,Seller's,Autumn,1928156.0
4,1,144.0,706.0,51,Yes,El Alto,3928.0,Q2,0.98,5.2,0.399,56.8,6.9,Balanced,Spring,409054.0
5,2,202.0,200.0,48,No,Zona Sur,3397.0,Q4,0.01,6.4,0.513,50.3,6.8,Balanced,Summer,2991158.0
2,3,252.0,200.0,41,No,Obrajes,3466.0,Q4,0.09,6.0,0.251,77.5,6.6,Balanced,Spring,1212788.0
4,2,107.0,400.0,42,Yes,Achumani,3475.0,Q3,0.07,9.5,0.144,65.2,3.5,Seller's,Autumn,1687340.0
5,2,204.0,539.0,48,Yes,Miraflores,3584.0,Q2,0.45,6.7,0.345,60.0,6.1,Buyer's,Spring,1635462.0
3,4,166.0,300.0,44,No,Miraflores,3595.0,Q4,0.04,9.0,0.127,66.9,5.9,Buyer's,Autumn,1342812.0
3,3,186.0,300.0,48,Yes,Centro,3679.0,Q1,0.09,3.2,0.169,62.7,6.2,Seller's,Autumn,1259277.0
3,1,207.0,300.0,54,No,Centro,3666.0,Q1,0.58,6.6,0.528,59.3,5.2,Balanced,Winter,811367.0
5,1,170.0,400.0,48,Yes,Centro,3686.0,Q1,0.14,3.0,0.435,46.7,4.7,Balanced,Winter,863739.0
6,4,174.0,200.0,48,No,Miraflores,3508.0,Q4,0.0,10.0,0.468,57.3,6.5,Seller's,Spring,1702879.0
3,2,169.0,400.0,48,Yes,El Alto,3939.0,Q1,0.15,6.8,0.242,66.2,5.6,Balanced,Spring,539488.0
3,2,241.0,400.0,55,No,Zona Sur,3398.0,Q4,0.11,10.0,0.513,58.8,6.6,Buyer's,Autumn,853828.0
5,1,204.0,200.0,56,Yes,Achumani,3454.0,Q3,0.05,10.0,0.114,69.0,5.3,Buyer's,Autumn,1013666.0
1,2,192.0,200.0,52,Yes,Achumani,3492.0,Q1,0.17,5.3,0.257,63.8,7.4,Balanced,Spring,728143.0
4,2,123.0,300.0,50,No,Centro,3678.0,Q2,0.01,4.1,0.237,51.2,7.0,Seller's,Spring,880811.0
1,2,161.0,1143.0,51,Yes,Achumani,3475.0,Q2,0.21,4.0,0.048,46.8,6.3,Buyer's,Summer,1500019.0
3,1,236.0,645.0,57,Yes,Miraflores,3571.0,Q3,0.23,5.8,0.293,58.4,5.8,Buyer's,Winter,921451.0
3,2,182.0,200.0,52,Yes,Zona Sur,3352.0,Q4,0.05,4.0,0.143,54.8,6.9,Seller's,Winter,1537660.0
2,3,219.0,325.0,57,Yes,El Alto,3957.0,Q1,0.16,5.4,0.457,63.4,6.4,Buyer's,Spring,687649.0
5,1,306.0,300.0,47,No,Centro,3692.0,Q1,0.03,3.4,0.343,52.8,6.2,Balanced,Summer,2345943.0
6,4,246.0,359.0,43,No,El Alto,4048.0,Q2,0.05,7.8,0.494,53.8,7.0,Buyer's,Spring,782976.0
2,2,185.0,200.0,46,Yes,Achumani,3469.0,Q4,0.02,7.2,0.505,70.5,7.4,Balanced,Summer,1053286.0
5,3,154.0,200.0,47,No,Obrajes,3535.0,Q4,0.07,8.3,0.412,61.5,4.7,Balanced,Autumn,1373244.0
1,1,84.0,300.0,58,Yes,El Alto,3891.0,Q3,0.12,10.0,0.143,53.0,4.9,Buyer's,Autumn,735873.0
7,1,171.0,300.0,53,No,El Alto,3811.0,Q1,0.89,3.3,0.295,60.2,5.2,Balanced,Summer,798833.0
6,1,163.0,717.0,46,Yes,Zona Sur,3387.0,Q4,0.01,10.0,0.177,73.8,4.5,Balanced,Spring,2120967.0
2,2,202.0,400.0,54,Yes,Zona Sur,3317.0,Q3,0.15,9.1,0.153,62.9,5.9,Balanced,Summer,2505160.0
6,1,172.0,300.0,49,Yes,El Alto,3889.0,Q1,0.22,3.2,0.108,65.9,6.6,Balanced,Winter,671883.0
2,1,164.0,300.0,58,Yes,Centro,3615.0,Q4,0.07,8.5,0.259,52.5,6.0,Balanced,Spring,965585.0
5,3,106.0,739.0,48,Yes,Centro,3683.0,Q4,0.21,7.1,0.163,70.3,5.5,Balanced,Summer,1291516.0
3,1,136.0,200.0,42,Yes,Miraflores,3584.0,Q3,0.04,9.2,0.346,83.2,7.1,Balanced,Autumn,1223897.0
2,3,208.0,200.0,49,No,El Alto,4044.0,Q1,0.01,5.2,0.41,52.1,6.1,Balanced,Autumn,482098.0
4,1,301.0,350.0,48,Yes,Zona Sur,3329.0,Q3,0.18,7.0,0.056,48.2,6.3,Balanced,Winter,2282225.0
4,1,175.0,200.0,43,No,El Alto,3910.0,Q1,0.13,5.9,0.24,61.8,7.2,Balanced,Summer,690664.0
7,1,199.0,200.0,52,Yes,Zona Sur,3261.0,Q4,0.0,6.0,0.086,68.8,5.9,Buyer's,Summer,1615169.0
1,3,240.0,294.0,57,No,Zona Sur,3202.0,Q2,0.07,7.4,0.486,59.1,8.1,Buyer's,Summer,2015943.0
4,3,141.0,200.0,44,No,Miraflores,3583.0,Q4,0.04,10.0,0.504,49.5,5.6,Buyer's,Winter,1264874.0
6,2,201.0,400.0,54,No,Miraflores,3509.0,Q2,0.23,8.2,0.189,58.9,8.0,Seller's,Autumn,1767864.0
2,1,144.0,200.0,46,No,Achumani,3426.0,Q4,0.02,10.0,0.137,66.0,5.0,Seller's,Winter,1772760.0
4,2,233.0,207.0,49,No,Zona Sur,3301.0,Q4,0.05,7.6,0.488,55.9,6.5,Balanced,Spring,1464144.0
5,1,188.0,300.0,49,Yes,Zona Sur,3305.0,Q4,0.07,10.0,0.606,66.1,5.4,Buyer's,Autumn,2178567.0
3,3,197.0,748.0,49,No,Centro,3693.0,Q2,0.15,5.1,0.271,71.6,7.1,Buyer's,Summer,1206629.0
4,2,142.0,548.0,52,Yes,Centro,3603.0,Q4,0.36,9.7,0.106,62.4,5.5,Seller's,Spring,733517.0
8,4,223.0,200.0,44,Yes,Zona Sur,3355.0,Q4,0.0,5.4,0.131,59.7,6.3,Seller's,Spring,2886798.0
2,3,336.0,941.0,56,Yes,Zona Sur,3210.0,Q4,0.3,10.0,0.166,68.3,5.3,Buyer's,Autumn,925388.0
4,1,133.0,400.0,52,No,Obrajes,3408.0,Q3,0.14,8.7,0.251,51.4,6.9,Seller's,Summer,2214166.0
4,1,163.0,300.0,54,Yes,El Alto,3929.0,Q1,0.48,5.8,0.288,50.5,5.3,Balanced,Winter,808524.0
2,1,193.0,327.0,46,Yes,Centro,3606.0,Q4,0.06,4.5,0.39,57.3,7.7,Balanced,Autumn,750191.0
2,2,228.0,183.0,44,Yes,Centro,3679.0,Q1,0.18,5.8,0.074,55.1,5.0,Seller's,Spring,2366121.0
3,1,152.0,400.0,55,No,Miraflores,3553.0,Q4,0.21,10.0,0.252,52.0,4.7,Balanced,Autumn,1806388.0
3,2,77.0,400.0,44,Yes,Miraflores,3503.0,Q2,0.54,6.9,0.077,78.3,7.0,Seller's,Spring,889728.0
7,2,271.0,300.0,50,Yes,El Alto,3812.0,Q2,0.07,4.5,0.1,81.7,5.4,Buyer's,Summer,863543.0
2,4,226.0,300.0,55,Yes,Achumani,3423.0,Q2,0.05,5.8,0.311,56.5,6.0,Balanced,Autumn,1772223.0
4,2,107.0,300.0,49,No,Zona Sur,3361.0,Q3,0.11,4.2,0.219,60.9,5.7,Balanced,Winter,822339.0
4,1,150.0,300.0,55,No,Achumani,3388.0,Q3,0.37,6.9,0.211,58.1,4.7,Balanced,Summer,1296881.0
5,1,288.0,300.0,48,No,Zona Sur,3311.0,Q4,0.04,6.1,0.301,71.1,5.9,Balanced,Winter,1705333.0
3,2,278.0,400.0,43,No,Miraflores,3580.0,Q3,0.17,6.0,0.356,73.1,7.3,Buyer's,Autumn,730248.0
4,2,239.0,300.0,51,Yes,Zona Sur,3322.0,Q4,0.12,5.4,0.173,42.2,7.0,Balanced,Summer,1964932.0
5,2,171.0,417.0,50,No,Zona Sur,3245.0,Q3,0.24,5.1,0.194,64.8,6.2,Balanced,Summer,2492029.0
3,2,185.0,549.0,63,Yes,Obrajes,3523.0,Q3,0.13,3.9,0.366,46.9,7.1,Seller's,Autumn,980964.0
4,1,173.0,400.0,45,Yes,Centro,3663.0,Q3,0.08,10.0,0.307,77.6,4.9,Balanced,Spring,1009839.0
3,3,253.0,200.0,48,Yes,Zona Sur,3347.0,Q3,0.55,7.4,0.621,64.4,5.7,Balanced,Winter,923863.0
5,1,138.0,200.0,46,Yes,Obrajes,3524.0,Q3,0.15,6.4,0.207,51.8,6.4,Buyer's,Autumn,519092.0
2,3,141.0,400.0,49,No,Achumani,3494.0,Q3,0.21,7.4,0.475,57.6,5.9,Balanced,Spring,1672633.0
4,1,244.0,300.0,49,Yes,El Alto,3859.0,Q1,0.13,5.2,0.403,57.1,5.8,Buyer's,Winter,649920.0
6,3,178.0,259.0,45,No,Obrajes,3590.0,Q3,0.18,10.0,0.326,65.3,4.8,Buyer's,Spring,1553560.0
3,2,272.0,400.0,52,Yes,Miraflores,3554.0,Q3,0.05,4.7,0.387,70.4,3.9,Buyer's,Winter,586159.0
5,2,147.0,200.0,48,Yes,Achumani,3434.0,Q2,0.07,4.6,0.537,48.5,6.8,Buyer's,Summer,1273036.0
3,3,177.0,400.0,56,Yes,El Alto,3830.0,Q2,0.3,8.8,0.073,78.4,6.2,Balanced,Autumn,748915.0
2,4,136.0,300.0,46,No,Achumani,3376.0,Q4,0.07,7.3,0.025,76.1,6.9,Seller's,Summer,1016538.0
4,3,180.0,200.0,59,No,El Alto,4031.0,Q2,0.28,2.8,0.126,51.2,5.6,Buyer's,Autumn,488142.0
5,1,116.0,514.0,51,Yes,Miraflores,3571.0,Q3,0.05,4.4,0.142,60.7,5.3,Seller's,Spring,1442433.0
8,2,156.0,400.0,56,Yes,El Alto,3812.0,Q1,0.27,2.2,0.432,77.1,6.0,Buyer's,Spring,342634.0
5,2,117.0,300.0,50,Yes,Miraflores,3555.0,Q4,0.06,10.0,0.333,72.3,6.9,Balanced,Spring,1602117.0
7,3,222.0,400.0,46,No,Miraflores,3509.0,Q2,0.22,4.5,0.376,56.6,5.8,Balanced,Winter,827727.0
5,2,223.0,255.0,48,No,Zona Sur,3399.0,Q4,0.03,10.0,0.231,68.1,6.8,Seller's,Spring,1646593.0
2,2,107.0,400.0,43,Yes,Obrajes,3579.0,Q4,0.13,10.0,0.185,90.0,5.0,Buyer's,Autumn,488051.0
2,2,269.0,400.0,49,No,Miraflores,3502.0,Q3,0.26,7.9,0.273,61.1,5.8,Balanced,Winter,1004806.0
8,2,381.0,889.0,50,Yes,Centro,3686.0,Q3,0.05,3.6,0.165,53.7,5.9,Buyer's,Winter,1035748.0
5,1,183.0,400.0,50,Yes,Centro,3692.0,Q2,0.09,3.2,0.374,61.7,7.2,Balanced,Spring,1094090.0
4,3,149.0,400.0,56,No,Obrajes,3471.0,Q1,0.32,4.5,0.371,62.5,6.2,Seller's,Winter,749182.0
4,2,420.0,400.0,49,Yes,Miraflores,3572.0,Q3,0.19,6.4,0.219,54.8,7.7,Seller's,Spring,2402647.0
4,1,121.0,200.0,40,Yes,El Alto,3933.0,Q1,0.37,5.1,0.203,64.4,4.7,Seller's,Autumn,808328.0
4,3,181.0,300.0,67,Yes,Achumani,3431.0,Q4,0.11,7.9,0.095,47.5,6.1,Balanced,Autumn,1271026.0
2,2,190.0,200.0,46,Yes,Centro,3634.0,Q1,0.15,6.7,0.215,53.3,6.2,Seller's,Spring,852469.0
2,2,269.0,200.0,54,No,Centro,3632.0,Q4,0.05,8.8,0.476,67.6,6.6,Balanced,Spring,970923.0
4,2,201.0,300.0,42,No,El Alto,3927.0,Q1,0.09,5.5,0.47,42.5,5.2,Buyer's,Summer,656839.0
1,4,155.0,200.0,51,No,Obrajes,3429.0,Q3,0.03,10.0,0.206,69.0,7.7,Seller's,Summer,746897.0
4,2,135.0,200.0,46,Yes,El Alto,4049.0,Q2,0.28,3.6,0.041,39.9,6.0,Buyer's,Winter,309322.0
4,1,162.0,200.0,35,Yes,Miraflores,3535.0,Q3,0.02,5.1,0.332,42.7,4.9,Buyer's,Summer,1739038.0
